INSERT INTO public.usuarios
(id, nombre_apellido, username, password, rol, usuario_creacion, fecha_creacion, usuario_modificacion, fecha_modificacion, fecha_eliminacion)
VALUES
(1, 'JUAN PABLO BASCOPE CASTRO', 'pabloblass', '$2b$10$8xM.MDE1LhkwkJJV1Ckz.OkygOZTZYTGtFY/nHtV1t.xmAG8PHfz.', 'ADMINISTRADOR', SESSION_USER, now(), SESSION_USER, now(), null),
(2, 'ISMAEL CESPEDES', 'ismael', '$2b$10$8xM.MDE1LhkwkJJV1Ckz.OkygOZTZYTGtFY/nHtV1t.xmAG8PHfz.', 'ADMINISTRADOR', SESSION_USER, now(), SESSION_USER, now(), null),
(3, 'DAVINIA', 'davinia', '$2b$10$8xM.MDE1LhkwkJJV1Ckz.OkygOZTZYTGtFY/nHtV1t.xmAG8PHfz.', 'ADMINISTRADOR', SESSION_USER, now(), SESSION_USER, now(), null),
(4, 'SASAMOTO', 'sasamoto', '$2b$10$8xM.MDE1LhkwkJJV1Ckz.OkygOZTZYTGtFY/nHtV1t.xmAG8PHfz.', 'ADMINISTRADOR', SESSION_USER, now(), SESSION_USER, now(), null),
(5, 'VLADIMIR ASTETE', 'vladimir', '$2b$10$8xM.MDE1LhkwkJJV1Ckz.OkygOZTZYTGtFY/nHtV1t.xmAG8PHfz.', 'ADMINISTRADOR', SESSION_USER, now(), SESSION_USER, now(), null),
(6, 'VERONICA', 'veronica', '$2b$10$8xM.MDE1LhkwkJJV1Ckz.OkygOZTZYTGtFY/nHtV1t.xmAG8PHfz.', 'ADMINISTRADOR', SESSION_USER, now(), SESSION_USER, now(), null);
(7, 'USUARIO RECINTO PRUEBA', 'usuario_recinto', NULL, 'USUARIO_RECINTO', SESSION_USER, now(), SESSION_USER, now(), null);

INSERT INTO public.municipios 
(id, descripcion, usuario_creacion, fecha_creacion, usuario_modificacion, fecha_modificacion, fecha_eliminacion)
VALUES 
(1, 'Sucre', SESSION_USER, now(), SESSION_USER, now(), null),
(2, 'Yotala', SESSION_USER, now(), SESSION_USER, now(), null),
(3, 'Poroma', SESSION_USER, now(), SESSION_USER, now(), null),
(4, 'Azurduy', SESSION_USER, now(), SESSION_USER, now(), null),
(5, 'Tarvita', SESSION_USER, now(), SESSION_USER, now(), null),
(6, 'Zudañez', SESSION_USER, now(), SESSION_USER, now(), null),
(7, 'Presto', SESSION_USER, now(), SESSION_USER, now(), null),
(8, 'Mojocoya', SESSION_USER, now(), SESSION_USER, now(), null),
(9, 'Villa Ricardo Mugia - Icla', SESSION_USER, now(), SESSION_USER, now(), null),
(10, 'Padilla', SESSION_USER, now(), SESSION_USER, now(), null),
(11, 'Tomina', SESSION_USER, now(), SESSION_USER, now(), null),
(12, 'Sopachui', SESSION_USER, now(), SESSION_USER, now(), null),
(13, 'Alcalá', SESSION_USER, now(), SESSION_USER, now(), null),
(14, 'El Villar', SESSION_USER, now(), SESSION_USER, now(), null),
(15, 'Monteagudo', SESSION_USER, now(), SESSION_USER, now(), null),
(16, 'Huacareta', SESSION_USER, now(), SESSION_USER, now(), null),
(17, 'Tarabuco', SESSION_USER, now(), SESSION_USER, now(), null),
(18, 'Yamparáez', SESSION_USER, now(), SESSION_USER, now(), null),
(19, 'Camargo', SESSION_USER, now(), SESSION_USER, now(), null),
(20, 'San Lucas', SESSION_USER, now(), SESSION_USER, now(), null),
(21, 'Incahuasi', SESSION_USER, now(), SESSION_USER, now(), null),
(22, 'Villa Charcas', SESSION_USER, now(), SESSION_USER, now(), null),
(23, 'Villa Serrano', SESSION_USER, now(), SESSION_USER, now(), null),
(24, 'Villa Abecia', SESSION_USER, now(), SESSION_USER, now(), null),
(25, 'Culpina', SESSION_USER, now(), SESSION_USER, now(), null),
(26, 'Las Carreras', SESSION_USER, now(), SESSION_USER, now(), null),
(27, 'Villa Vaca Guzmán', SESSION_USER, now(), SESSION_USER, now(), null),
(28, 'Huacaya', SESSION_USER, now(), SESSION_USER, now(), null),
(29, 'Macharetí', SESSION_USER, now(), SESSION_USER, now(), null);


INSERT INTO public.recintos
(id, descripcion, id_municipio, distrito, usuario_creacion, fecha_creacion, usuario_modificacion, fecha_modificacion, fecha_eliminacion)
VALUES
(1, 'Escuela Arabate',1, 'ARABATE-ARABATE 22', SESSION_USER, now(), SESSION_USER, now(), null),
(2, 'Escuela Seccional De Chaunaca',1, 'CHAUNACA-CHAUNACA 21', SESSION_USER, now(), SESSION_USER, now(), null),
(3, 'Unidad Educativa Chuqui Chuqui',1, 'CHUQUI CHUQUI-CHUQUI CHUQUI 18', SESSION_USER, now(), SESSION_USER, now(), null),
(4, 'Escuela Fray Gabriel Maria Landini',1, 'CHUQUI CHUQUI-SURIMA 19', SESSION_USER, now(), SESSION_USER, now(), null),
(5, 'Escuela Fray Gabriel Mariscal',1, 'CHUQUI CHUQUI-IMILLA HUAÑUSCA 20', SESSION_USER, now(), SESSION_USER, now(), null),
(6, 'Escuela Punilla',1, 'MAMAHUASI-PUNILLA 16', SESSION_USER, now(), SESSION_USER, now(), null),
(7, 'Unidad Educativa La Palma',1, 'MOJOTORO-MOJOTORO 13', SESSION_USER, now(), SESSION_USER, now(), null),
(8, 'Escuela José Sampa',1, 'MOJOTORO-CKACHA CKACHA 14', SESSION_USER, now(), SESSION_USER, now(), null),
(9, 'Unidad Educativa Luis Espinal',1, 'MOJOTORO-EL CHACO 15', SESSION_USER, now(), SESSION_USER, now(), null),
(10, 'U. Edu. Gualberto Villarroel',1, 'POTOLO-POTOLO 12', SESSION_USER, now(), SESSION_USER, now(), null),
(11, 'Unidad Educativa Quila Quila',1, 'QUILA QUILA-QUILA QUILA 23', SESSION_USER, now(), SESSION_USER, now(), null),
(12, 'Colegio 24 de Septiembre - Maragua',1, 'MARAGUA-MARAGUA 25', SESSION_USER, now(), SESSION_USER, now(), null),
(13, 'Kinder San Vicente De Paul',1, 'DISTRITO 1', SESSION_USER, now(), SESSION_USER, now(), null),
(14, 'Esc. Benjamin Guzman',1, 'DISTRITO 1', SESSION_USER, now(), SESSION_USER, now(), null),
(15, 'U.Pedag. Mariscal Sucre',1, 'DISTRITO 1', SESSION_USER, now(), SESSION_USER, now(), null),
(16, 'Facultad de Tecnología',1, 'DISTRITO 1', SESSION_USER, now(), SESSION_USER, now(), null),
(17, 'Col. Bernardo Monteagudo',1, 'DISTRITO 1', SESSION_USER, now(), SESSION_USER, now(), null),
(18, 'Coliseo Jorge Revilla Aldana',1, 'DISTRITO 1', SESSION_USER, now(), SESSION_USER, now(), null),
(19, 'Colegio Junin',1, 'DISTRITO 1', SESSION_USER, now(), SESSION_USER, now(), null),
(20, 'Esc. Mariscal De Ayacucho',1, 'DISTRITO 1', SESSION_USER, now(), SESSION_USER, now(), null),
(21, 'Col. Mariano Serrano',1, 'DISTRITO 1', SESSION_USER, now(), SESSION_USER, now(), null),
(22, 'Jardín De Niños San Lázaro',1, 'DISTRITO 1', SESSION_USER, now(), SESSION_USER, now(), null),
(23, 'Kinder Serrano',1, 'DISTRITO 1', SESSION_USER, now(), SESSION_USER, now(), null),
(24, 'Colegio Simón Rodríguez',1, 'DISTRITO 1', SESSION_USER, now(), SESSION_USER, now(), null),
(25, 'Facultad de Tecnología Médica',1, 'DISTRITO 1', SESSION_USER, now(), SESSION_USER, now(), null),
(26, 'Coliseo San José',1, 'DISTRITO 1', SESSION_USER, now(), SESSION_USER, now(), null),
(27, 'Kinder Echeverria',1, 'DISTRITO 2', SESSION_USER, now(), SESSION_USER, now(), null),
(28, 'Esc. Josefina Goytia',1, 'DISTRITO 2', SESSION_USER, now(), SESSION_USER, now(), null),
(29, 'Col. Cardenal Maurer',1, 'DISTRITO 2', SESSION_USER, now(), SESSION_USER, now(), null),
(30, '(Cárcel) Cárcel Pública',1, 'DISTRITO 2', SESSION_USER, now(), SESSION_USER, now(), null),
(31, 'Campo Deportivo zona América',1, 'DISTRITO 2', SESSION_USER, now(), SESSION_USER, now(), null),
(32, 'Esc. Aniceto Arce',1, 'DISTRITO 2', SESSION_USER, now(), SESSION_USER, now(), null),
(33, 'Salon Multifuncional La Hoyada',1, 'DISTRITO 2', SESSION_USER, now(), SESSION_USER, now(), null),
(34, 'U.E. San Roque Nivel Inicial',1, 'DISTRITO 2', SESSION_USER, now(), SESSION_USER, now(), null),
(35, 'Kinder Aniceto Arce',1, 'DISTRITO 2', SESSION_USER, now(), SESSION_USER, now(), null),
(36, 'Col. Don Bosco',1, 'DISTRITO 3', SESSION_USER, now(), SESSION_USER, now(), null),
(37, 'Kinder Municipal',1, 'DISTRITO 3', SESSION_USER, now(), SESSION_USER, now(), null),
(38, 'Colegio Domingo Sabio',1, 'DISTRITO 3', SESSION_USER, now(), SESSION_USER, now(), null),
(39, 'Liceo María Josefa Mujia',1, 'DISTRITO 3', SESSION_USER, now(), SESSION_USER, now(), null),
(40, 'Unidad Educativa Ruffo',1, 'DISTRITO 3', SESSION_USER, now(), SESSION_USER, now(), null),
(41, 'U.E. Eduardo Abaroa',1, 'DISTRITO 3', SESSION_USER, now(), SESSION_USER, now(), null),
(42, 'Col. Sagrado Corazon',1, 'DISTRITO 3', SESSION_USER, now(), SESSION_USER, now(), null),
(43, 'Fundacion Pachamama',1, 'DISTRITO 3', SESSION_USER, now(), SESSION_USER, now(), null),
(44, 'Kinder Gerardo Vaca Guzman',1, 'DISTRITO 3', SESSION_USER, now(), SESSION_USER, now(), null),
(45, 'Escuela Daniel Calvo',1, 'DISTRITO 3', SESSION_USER, now(), SESSION_USER, now(), null),
(46, 'Colegio 23 de Marzo',1, 'DISTRITO 3', SESSION_USER, now(), SESSION_USER, now(), null),
(47, 'Salón Multifuncional Satélite',1, 'DISTRITO 3', SESSION_USER, now(), SESSION_USER, now(), null),
(48, 'Colegio Fe y Alegria',1, 'DISTRITO 4', SESSION_USER, now(), SESSION_USER, now(), null),
(49, 'Estadium Patria',1, 'DISTRITO 4', SESSION_USER, now(), SESSION_USER, now(), null),
(50, 'Iglesia San Matías',1, 'DISTRITO 4', SESSION_USER, now(), SESSION_USER, now(), null),
(51, 'Campo Deportivo Noria Alta',1, 'DISTRITO 4', SESSION_USER, now(), SESSION_USER, now(), null),
(52, 'U.E. Cristo Rey',1, 'DISTRITO 4', SESSION_USER, now(), SESSION_USER, now(), null),
(53, 'Unidad Educativa 6 de Junio',1, 'DISTRITO 4', SESSION_USER, now(), SESSION_USER, now(), null),
(54, 'U.E. Francisco Cermeño',1, 'DISTRITO 4', SESSION_USER, now(), SESSION_USER, now(), null),
(55, 'Mercado Yurac Yurac',1, 'DISTRITO 4', SESSION_USER, now(), SESSION_USER, now(), null),
(56, 'Universidad del Valle UNIVALLE',1, 'DISTRITO 4', SESSION_USER, now(), SESSION_USER, now(), null),
(57, 'Esc. San Juanillo',1, 'DISTRITO 5', SESSION_USER, now(), SESSION_USER, now(), null),
(58, 'Seminario Teologico Del Sur',1, 'DISTRITO 5', SESSION_USER, now(), SESSION_USER, now(), null),
(59, 'Campo Deportivo San Juanillo Bajo',1, 'DISTRITO 5', SESSION_USER, now(), SESSION_USER, now(), null),
(60, 'Esc. Roberto Alvarado',1, 'DISTRITO 5', SESSION_USER, now(), SESSION_USER, now(), null),
(61, 'IPTK-N. Aguirre 560 / CERPI',1, 'DISTRITO 5', SESSION_USER, now(), SESSION_USER, now(), null),
(62, 'Esc. Sagrada Familia',1, 'DISTRITO 6', SESSION_USER, now(), SESSION_USER, now(), null),
(63, 'Coliseo Libertadores',1, 'DISTRITO 6', SESSION_USER, now(), SESSION_USER, now(), null),
(64, 'Salón Multifuncional Luis Espinal',1, 'DISTRITO 6', SESSION_USER, now(), SESSION_USER, now(), null),
(65, 'Esc. San Javier',1, 'DISTRITO 6', SESSION_USER, now(), SESSION_USER, now(), null),
(66, 'Fac. Derecho',1, 'DISTRITO 6', SESSION_USER, now(), SESSION_USER, now(), null),
(67, 'U.E. Cristina Aitken de Gutierrez',1, 'DISTRITO 6', SESSION_USER, now(), SESSION_USER, now(), null),
(68, 'Terminal De Buses',1, 'DISTRITO 6', SESSION_USER, now(), SESSION_USER, now(), null),
(69, 'Col. Victorino Vega',1, 'DISTRITO 7', SESSION_USER, now(), SESSION_USER, now(), null),
(70, 'Unid. Ed. Hugo Poppe Entrambasaguas',1, 'DISTRITO 7', SESSION_USER, now(), SESSION_USER, now(), null),
(71, 'U.E. Lechuguillas',1, 'DISTRITO 7', SESSION_USER, now(), SESSION_USER, now(), null),
(72, 'Salón Multifuncional Sancho',1, 'DISTRITO 7', SESSION_USER, now(), SESSION_USER, now(), null),
(73, 'Unid. Educ. Jose Clemente Maurer',1, 'DISTRITO 7', SESSION_USER, now(), SESSION_USER, now(), null),
(74, 'Esc. La Recoleta',1, 'DISTRITO 7', SESSION_USER, now(), SESSION_USER, now(), null),
(75, 'Salon Multifuncional El Abra',1, 'DISTRITO 7', SESSION_USER, now(), SESSION_USER, now(), null),
(76, 'U.E. Evo Morales Ayma',1, 'DISTRITO 7', SESSION_USER, now(), SESSION_USER, now(), null),
(77, 'Campo Deportivo zona San Francisco',1, 'DISTRITO 7', SESSION_USER, now(), SESSION_USER, now(), null),
(78, 'U.E. Gualberto Paredes',1, 'DISTRITO 7', SESSION_USER, now(), SESSION_USER, now(), null),
(79, 'U.E. Genoveva Rios',1, 'DISTRITO 7', SESSION_USER, now(), SESSION_USER, now(), null),
(80, 'Esc. Guido Villagomez',1, 'DISTRITO 8', SESSION_USER, now(), SESSION_USER, now(), null),
(81, 'Campo Deportivo 20 de Octubre',1, 'DISTRITO 8', SESSION_USER, now(), SESSION_USER, now(), null),
(82, 'Unidad Educativa Alberto Bohorquez',1, 'DISTRITO 8', SESSION_USER, now(), SESSION_USER, now(), null),
(83, 'Centro Recreacional La Esperanza',1, 'DISTRITO 8', SESSION_USER, now(), SESSION_USER, now(), null),
(84, 'Escuela Tucsupaya',1, 'DISTRITO 8', SESSION_USER, now(), SESSION_USER, now(), null),
(85, 'Salon Multifuncional El Niño',1, 'DISTRITO 8', SESSION_USER, now(), SESSION_USER, now(), null),
(86, 'U.E. Gastón Vilar Casso',1, 'DISTRITO 8', SESSION_USER, now(), SESSION_USER, now(), null),
(87, 'Coliseo Los Pinos',1, 'DISTRITO 8', SESSION_USER, now(), SESSION_USER, now(), null),
(88, 'U.E. Marcelo Quiroga Santa Cruz',1, 'DISTRITO 9', SESSION_USER, now(), SESSION_USER, now(), null),
(89, 'Col. Emilio Hoschman',1, 'DISTRITO 9', SESSION_USER, now(), SESSION_USER, now(), null),
(90, 'U.E. Franz Tamayo',1, 'DISTRITO 9', SESSION_USER, now(), SESSION_USER, now(), null),
(91, 'Campo Deportivo Barrio Lindo',1, 'DISTRITO 9', SESSION_USER, now(), SESSION_USER, now(), null),
(92, 'U.E. Ernesto Che Guevara',1, 'DISTRITO 9', SESSION_USER, now(), SESSION_USER, now(), null),
(93, 'Col. Jorge Revilla',1, 'DISTRITO 9', SESSION_USER, now(), SESSION_USER, now(), null),
(94, 'U.E. Las Americas',1, 'DISTRITO 9', SESSION_USER, now(), SESSION_USER, now(), null),
(95, 'Salon Mult. Alto Loyola',1, 'DISTRITO 9', SESSION_USER, now(), SESSION_USER, now(), null),
(96, 'Esc. Angel Baspineiro',1, 'DISTRITO 10', SESSION_USER, now(), SESSION_USER, now(), null),
(97, 'Unid. Educativa Victoria Diez',1, 'DISTRITO 10', SESSION_USER, now(), SESSION_USER, now(), null),
(98, 'U.E. Kurusa Llawi',1, 'DISTRITO 10', SESSION_USER, now(), SESSION_USER, now(), null),
(99, 'U.E. Tomas Katari Sucre',1, 'DISTRITO 10', SESSION_USER, now(), SESSION_USER, now(), null),
(100, 'Unidad Educativa Alegría',1, 'DISTRITO 10', SESSION_USER, now(), SESSION_USER, now(), null),
(101, 'U.E. Villa Marlecita',1, 'DISTRITO 10', SESSION_USER, now(), SESSION_USER, now(), null),
(102, 'Escuela Elizardo Perez',1, 'ARABATE-KCOCHIS 27', SESSION_USER, now(), SESSION_USER, now(), null),
(103, 'Escuela Falafaya',1, 'HUATA-FALAFAYA 24', SESSION_USER, now(), SESSION_USER, now(), null),
(104, 'Unidad Educativa Cantu Molino',1, 'HUAÑIFAYA-CANTU MOLINO 17', SESSION_USER, now(), SESSION_USER, now(), null),
(105, 'Escuela Llinfi',1, 'SAN SEBASTIAN-LLINFI 11', SESSION_USER, now(), SESSION_USER, now(), null),
(106, 'Unidad Educativa Soico',1, 'HUAÑIFAYA - SOICO 28', SESSION_USER, now(), SESSION_USER, now(), null),
(107, 'Unidad Educativa La Barranca',1, 'SAN SEBASTIAN - LA BARRANCA 29', SESSION_USER, now(), SESSION_USER, now(), null),
(108, 'U.E. Qhora Qhora Alta',1, 'SIN DISTRITO', SESSION_USER, now(), SESSION_USER, now(), null),
(109, 'Salón Multifuncional San Juan Cachimayu',1, 'SIN DISTRITO', SESSION_USER, now(), SESSION_USER, now(), null),
(110, 'U.E. 9 de Marzo',1, 'SIN DISTRITO', SESSION_USER, now(), SESSION_USER, now(), null),
(111, 'Colegio Gregorio Pacheco',2, 'YOTALA - YOTALA', SESSION_USER, now(), SESSION_USER, now(), null),
(112, 'Centro Educativo Santa Rosa',2, 'YOTALA - YOTALA', SESSION_USER, now(), SESSION_USER, now(), null),
(113, 'Casa Posada de Huayllas',2, 'HUAYLLAS - HUAYLLAS', SESSION_USER, now(), SESSION_USER, now(), null),
(114, 'Escuela Tipaka',2, 'HUAYLLAS - TIPAKA', SESSION_USER, now(), SESSION_USER, now(), null),
(115, 'Posta De Salud Y Salón De La Comunidad',2, 'PULQUI - PULQUI', SESSION_USER, now(), SESSION_USER, now(), null),
(116, 'Unidad Educativa Tuero Chico',2, 'TUERO - TUERO', SESSION_USER, now(), SESSION_USER, now(), null),
(117, 'Colegio San Isidro De Anfaya',2, 'YOTALA - ANFAYA', SESSION_USER, now(), SESSION_USER, now(), null),
(118, 'Colegio Tasa Pampa',2, 'TUERO - TASA PAMPA', SESSION_USER, now(), SESSION_USER, now(), null),
(119, 'Escuela Antonio Tovar Hinojosa',2, 'PULQUI - TAMBO ACKACHILA', SESSION_USER, now(), SESSION_USER, now(), null),
(120, 'Unidad Educativa German Busch',2, 'YOTALA - ÑUJCHU', SESSION_USER, now(), SESSION_USER, now(), null),
(121, 'Unidad Educativa José Villegas',2, 'YOTALA - CACHI MAYU', SESSION_USER, now(), SESSION_USER, now(), null),
(122, 'Unidad Educativa Campanario',2, 'SIN DISTRITO', SESSION_USER, now(), SESSION_USER, now(), null),
(123, 'Unidad Educativa Victor Sandi',2, 'SIN DISTRITO', SESSION_USER, now(), SESSION_USER, now(), null),
(124, 'U.E. Tipoyo',2, 'SIN DISTRITO', SESSION_USER, now(), SESSION_USER, now(), null),
(125, 'U. Edu. San Andres De Poroma',3, 'POROMA - POROMA', SESSION_USER, now(), SESSION_USER, now(), null),
(126, 'Unidad Educativa Huañoma',3, 'HUAÑOMA - HUAÑOMA', SESSION_USER, now(), SESSION_USER, now(), null),
(127, 'Escuela San Salvador de Pojpo',3, 'POJPO - POJPO', SESSION_USER, now(), SESSION_USER, now(), null),
(128, 'Unidad Educativa Copavillque',3, 'COPAVILLQUE - COPAVILLQUE', SESSION_USER, now(), SESSION_USER, now(), null),
(129, 'Sub Alcaldía De Sapse',3, 'SAPSE - SAPSE', SESSION_USER, now(), SESSION_USER, now(), null),
(130, 'Colegio Rafael Campos De Luje',3, 'SAPSE - LUJE', SESSION_USER, now(), SESSION_USER, now(), null),
(131, 'Unidad Educativa Simón Bolivar La Palca',3, 'LA PALCA-LA PALCA 26', SESSION_USER, now(), SESSION_USER, now(), null),
(132, 'Unidad Educativa Piocera',3, 'PIOCERA - PIOCERA', SESSION_USER, now(), SESSION_USER, now(), null),
(133, 'Posta Sanitaria',3, 'POROMA - EL AJIAL', SESSION_USER, now(), SESSION_USER, now(), null),
(134, 'Escuela Central Challcha',3, 'POROMA - CHALLCHA', SESSION_USER, now(), SESSION_USER, now(), null),
(135, 'Unidad Educativa Los Alamos',3, 'SIJCHA - ALAMOS (ZANABRIA)', SESSION_USER, now(), SESSION_USER, now(), null),
(136, 'Colegio Manuel Ovando San Juan de Orcas',3, 'SAPSE - SAN JUAN DE ORCAS', SESSION_USER, now(), SESSION_USER, now(), null),
(137, 'Unidad Educativa Sijcha Alta',3, 'SIJCHA - SIJCHA ALTA', SESSION_USER, now(), SESSION_USER, now(), null),
(138, 'Unidad Educativa Iru Kkota',3, 'POJPO - IRU KKOTA', SESSION_USER, now(), SESSION_USER, now(), null),
(139, 'Unidad Educativa Chijmuri',3, 'SIN DISTRITO', SESSION_USER, now(), SESSION_USER, now(), null),
(140, 'Escuela Kaynacas',3, 'SIN DISTRITO', SESSION_USER, now(), SESSION_USER, now(), null),
(141, 'Unidad Educativa Uruguayo',3, 'SIN DISTRITO', SESSION_USER, now(), SESSION_USER, now(), null),
(142, 'Unidad Educativa  Pangorasi',3, 'SIN DISTRITO', SESSION_USER, now(), SESSION_USER, now(), null),
(143, 'Unidad Educativa Palajla',3, 'SIN DISTRITO', SESSION_USER, now(), SESSION_USER, now(), null),
(144, 'Unidad Educativa Sanabria',3, 'SIN DISTRITO', SESSION_USER, now(), SESSION_USER, now(), null),
(145, 'Unidad Educativa Cucuri',3, 'SIN DISTRITO', SESSION_USER, now(), SESSION_USER, now(), null),
(146, 'Unidad Educativa Calizaya',3, 'SIN DISTRITO', SESSION_USER, now(), SESSION_USER, now(), null),
(147, 'Unidad Educativa Yanani',3, 'SIN DISTRITO', SESSION_USER, now(), SESSION_USER, now(), null),
(148, 'Puesto de Salud Viru Viru',3, 'SIN DISTRITO', SESSION_USER, now(), SESSION_USER, now(), null),
(149, 'U.E. Fray Francisco Valea',3, 'SIN DISTRITO', SESSION_USER, now(), SESSION_USER, now(), null),
(150, 'U.E. Mariquilla',3, 'SIN DISTRITO', SESSION_USER, now(), SESSION_USER, now(), null),
(151, 'Unidad Educativa Nicanor Lopez',4, 'SIN DISTRITO', SESSION_USER, now(), SESSION_USER, now(), null),
(152, 'Escuela Torrecillas',4, 'SIN DISTRITO', SESSION_USER, now(), SESSION_USER, now(), null),
(153, 'Escuela Huancarani',4, 'SIN DISTRITO', SESSION_USER, now(), SESSION_USER, now(), null),
(154, 'Escuela Pinos',4, 'SIN DISTRITO', SESSION_USER, now(), SESSION_USER, now(), null),
(155, 'Escuela  Rodeo Chico',4, 'SIN DISTRITO', SESSION_USER, now(), SESSION_USER, now(), null),
(156, 'Escuela Tablani',4, 'SIN DISTRITO', SESSION_USER, now(), SESSION_USER, now(), null),
(157, 'Unidad Educativa Santa Rosa',4, 'SIN DISTRITO', SESSION_USER, now(), SESSION_USER, now(), null),
(158, 'Escuela Duraznal',4, 'SIN DISTRITO', SESSION_USER, now(), SESSION_USER, now(), null),
(159, 'Unidad Educativa San Roque',4, 'SIN DISTRITO', SESSION_USER, now(), SESSION_USER, now(), null),
(160, 'U.E. Collpamayu',4, 'SIN DISTRITO', SESSION_USER, now(), SESSION_USER, now(), null),
(161, 'U.E. Quehueñal',4, 'SIN DISTRITO', SESSION_USER, now(), SESSION_USER, now(), null),
(162, 'Unidad Educativa Antonio Tovar',5, 'SIN DISTRITO', SESSION_USER, now(), SESSION_USER, now(), null),
(163, 'Escuela 12 de Octubre',5, 'SIN DISTRITO', SESSION_USER, now(), SESSION_USER, now(), null),
(164, 'Escuela Luis Evencio Orías',5, 'SIN DISTRITO', SESSION_USER, now(), SESSION_USER, now(), null),
(165, 'Escuela Mariscal Braun',5, 'SIN DISTRITO', SESSION_USER, now(), SESSION_USER, now(), null),
(166, 'Escuela Cruz Ckasa',5, 'SIN DISTRITO', SESSION_USER, now(), SESSION_USER, now(), null),
(167, 'Unidad Educativa Jesús Maestro',5, 'SIN DISTRITO', SESSION_USER, now(), SESSION_USER, now(), null),
(168, 'Escuela Chunca Cancha',5, 'SIN DISTRITO', SESSION_USER, now(), SESSION_USER, now(), null),
(169, 'Escuela Molle Cancha',5, 'SIN DISTRITO', SESSION_USER, now(), SESSION_USER, now(), null),
(170, 'Escuela San Jose de Alisos',5, 'SIN DISTRITO', SESSION_USER, now(), SESSION_USER, now(), null),
(171, 'Unidad Educativa Pampas de Leque',5, 'SIN DISTRITO', SESSION_USER, now(), SESSION_USER, now(), null),
(172, 'U.E. Villa Pampa',5, 'SIN DISTRITO', SESSION_USER, now(), SESSION_USER, now(), null),
(173, 'U.E. La Sillada',5, 'SIN DISTRITO', SESSION_USER, now(), SESSION_USER, now(), null),
(174, 'Col. Jaime De Zudañez',6, 'SIN DISTRITO', SESSION_USER, now(), SESSION_USER, now(), null),
(175, 'Col. Ignacio Prudencio Bustillos',6, 'SIN DISTRITO', SESSION_USER, now(), SESSION_USER, now(), null),
(176, 'Unidad Educativa Capilla Llave',6, 'SIN DISTRITO', SESSION_USER, now(), SESSION_USER, now(), null),
(177, 'Escuela Mandinga',6, 'SIN DISTRITO', SESSION_USER, now(), SESSION_USER, now(), null),
(178, 'Escuela Sayan Chaca',6, 'SIN DISTRITO', SESSION_USER, now(), SESSION_USER, now(), null),
(179, 'Unidad Educativa Huaca Huasi',6, 'SIN DISTRITO', SESSION_USER, now(), SESSION_USER, now(), null),
(180, 'Unidad Educativa Ricardo Mujia',7, 'SIN DISTRITO', SESSION_USER, now(), SESSION_USER, now(), null),
(181, 'U.E. 31 de Mayo',7, 'SIN DISTRITO', SESSION_USER, now(), SESSION_USER, now(), null),
(182, 'Escuela José María Martínez',7, 'SIN DISTRITO', SESSION_USER, now(), SESSION_USER, now(), null),
(183, 'Unidad Educativa Tomoroco',7, 'SIN DISTRITO', SESSION_USER, now(), SESSION_USER, now(), null),
(184, 'Puesto de Salud Puno Khasa',7, 'SIN DISTRITO', SESSION_USER, now(), SESSION_USER, now(), null),
(185, 'Unidad Educativa El Palmar',7, 'SIN DISTRITO', SESSION_USER, now(), SESSION_USER, now(), null),
(186, 'U.E. Huaylla Pampa Alta',7, 'SIN DISTRITO', SESSION_USER, now(), SESSION_USER, now(), null),
(187, 'Unidad Educativa Eduardo Avaroa',8, 'SIN DISTRITO', SESSION_USER, now(), SESSION_USER, now(), null),
(188, 'Colegio Franz Tamayo',8, 'SIN DISTRITO', SESSION_USER, now(), SESSION_USER, now(), null),
(189, 'Escuela Jaime Mendoza',8, 'SIN DISTRITO', SESSION_USER, now(), SESSION_USER, now(), null),
(190, 'Escuela Jorge Anibarro Zapata',8, 'SIN DISTRITO', SESSION_USER, now(), SESSION_USER, now(), null),
(191, 'Escuela Guadalupe',8, 'SIN DISTRITO', SESSION_USER, now(), SESSION_USER, now(), null),
(192, 'Escuela Hilarion Vides Choque',8, 'SIN DISTRITO', SESSION_USER, now(), SESSION_USER, now(), null),
(193, 'Colegio Antonio José De Sucre',9, 'SIN DISTRITO', SESSION_USER, now(), SESSION_USER, now(), null),
(194, 'Escuela Rodeo',9, 'SIN DISTRITO', SESSION_USER, now(), SESSION_USER, now(), null),
(195, 'Escuela Jatun Mayu',9, 'SIN DISTRITO', SESSION_USER, now(), SESSION_USER, now(), null),
(196, 'Colegio Rosendo La Fuente',9, 'SIN DISTRITO', SESSION_USER, now(), SESSION_USER, now(), null),
(197, 'Escuela Santa Lucia',9, 'SIN DISTRITO', SESSION_USER, now(), SESSION_USER, now(), null),
(198, 'Escuela Cantar Gallo',9, 'SIN DISTRITO', SESSION_USER, now(), SESSION_USER, now(), null),
(199, 'Escuela Thaco Pampa',9, 'SIN DISTRITO', SESSION_USER, now(), SESSION_USER, now(), null),
(200, 'Colegio Elizardo Perez',9, 'SIN DISTRITO', SESSION_USER, now(), SESSION_USER, now(), null),
(201, 'Escuela Sumala',9, 'SIN DISTRITO', SESSION_USER, now(), SESSION_USER, now(), null),
(202, 'Escuela San Jacinto',9, 'SIN DISTRITO', SESSION_USER, now(), SESSION_USER, now(), null),
(203, 'U. Edu. Seccional Chunca Cancha Baja',9, 'SIN DISTRITO', SESSION_USER, now(), SESSION_USER, now(), null),
(204, 'U.E. Mcal. Sucre',9, 'SIN DISTRITO', SESSION_USER, now(), SESSION_USER, now(), null),
(205, 'U.E. Jatun Wasi',9, 'SIN DISTRITO', SESSION_USER, now(), SESSION_USER, now(), null),
(206, 'Colegio San Pio X',10, 'SIN DISTRITO', SESSION_USER, now(), SESSION_USER, now(), null),
(207, '(Cárcel) Carceleta Pública de Padilla',10, 'SIN DISTRITO', SESSION_USER, now(), SESSION_USER, now(), null),
(208, 'U.E. Deogracias Vega',10, 'SIN DISTRITO', SESSION_USER, now(), SESSION_USER, now(), null),
(209, 'Unidad Educativa 2 de Abril La Cienega',10, 'SIN DISTRITO', SESSION_USER, now(), SESSION_USER, now(), null),
(210, 'Unidad Educativa Telemina Barja',10, 'SIN DISTRITO', SESSION_USER, now(), SESSION_USER, now(), null),
(211, 'Nucleo Escolar Humberto Delgadillo',10, 'SIN DISTRITO', SESSION_USER, now(), SESSION_USER, now(), null),
(212, 'Nucleo Escolar Adrián Moya Tapia',10, 'SIN DISTRITO', SESSION_USER, now(), SESSION_USER, now(), null),
(213, 'U.E. Mariscal Sucre',10, 'SIN DISTRITO', SESSION_USER, now(), SESSION_USER, now(), null),
(214, 'U.E. Franz Tamayo',10, 'SIN DISTRITO', SESSION_USER, now(), SESSION_USER, now(), null),
(215, 'U.E. Caciano Rodas Cardenas',10, 'SIN DISTRITO', SESSION_USER, now(), SESSION_USER, now(), null),
(216, 'Unidad Educativa 29 de Marzo',10, 'SIN DISTRITO', SESSION_USER, now(), SESSION_USER, now(), null),
(217, 'Unidad Educativa Susana Duran',10, 'SIN DISTRITO', SESSION_USER, now(), SESSION_USER, now(), null),
(218, 'Unidad Educativa Eduardo Avaroa',11, 'SIN DISTRITO', SESSION_USER, now(), SESSION_USER, now(), null),
(219, 'U.E. Destacamento 111',11, 'SIN DISTRITO', SESSION_USER, now(), SESSION_USER, now(), null),
(220, 'U.E. Rodeo El Porvenir',11, 'SIN DISTRITO', SESSION_USER, now(), SESSION_USER, now(), null),
(221, 'U. E. Seccional Faustino Suarez',11, 'SIN DISTRITO', SESSION_USER, now(), SESSION_USER, now(), null),
(222, 'Unidad Educativa Seccional Fuerte Rua',11, 'SIN DISTRITO', SESSION_USER, now(), SESSION_USER, now(), null),
(223, 'U.E. Pucara',11, 'SIN DISTRITO', SESSION_USER, now(), SESSION_USER, now(), null),
(224, 'Unidad Educativa Kawasiri',11, 'SIN DISTRITO', SESSION_USER, now(), SESSION_USER, now(), null),
(225, 'Unidad Educativa Villa Flores',11, 'SIN DISTRITO', SESSION_USER, now(), SESSION_USER, now(), null),
(226, 'U.E. Antofagasta',11, 'SIN DISTRITO', SESSION_USER, now(), SESSION_USER, now(), null),
(227, 'U.E. Kuri',11, 'SIN DISTRITO', SESSION_USER, now(), SESSION_USER, now(), null),
(228, 'Escuela Juan Bosing',12, 'SIN DISTRITO', SESSION_USER, now(), SESSION_USER, now(), null),
(229, 'Colegio 25 de Mayo',12, 'SIN DISTRITO', SESSION_USER, now(), SESSION_USER, now(), null),
(230, 'Internado Santa Rosa De Amancaya',12, 'SIN DISTRITO', SESSION_USER, now(), SESSION_USER, now(), null),
(231, 'Unidad Educativa Pampas del Carmen',12, 'SIN DISTRITO', SESSION_USER, now(), SESSION_USER, now(), null),
(232, 'Escuela Sipicani',12, 'SIN DISTRITO', SESSION_USER, now(), SESSION_USER, now(), null),
(233, 'Unidad Educativa Seccional Milanes',12, 'SIN DISTRITO', SESSION_USER, now(), SESSION_USER, now(), null),
(234, 'U.E. San Juan de Horcas',12, 'SIN DISTRITO', SESSION_USER, now(), SESSION_USER, now(), null),
(235, 'U.E. Pampas Punta',12, 'SIN DISTRITO', SESSION_USER, now(), SESSION_USER, now(), null),
(236, 'Unidad Educativa Mama Huasi',12, 'SIN DISTRITO', SESSION_USER, now(), SESSION_USER, now(), null),
(237, 'U.E. Paslapaya',12, 'SIN DISTRITO', SESSION_USER, now(), SESSION_USER, now(), null),
(238, 'U.E. San Luis Chavarria',12, 'SIN DISTRITO', SESSION_USER, now(), SESSION_USER, now(), null),
(239, 'Unidad Educativa Alcala',13, 'SIN DISTRITO', SESSION_USER, now(), SESSION_USER, now(), null),
(240, 'Escuela Oscar Alfaro',13, 'SIN DISTRITO', SESSION_USER, now(), SESSION_USER, now(), null),
(241, 'Colegio Eduardo Abaroa',14, 'SIN DISTRITO', SESSION_USER, now(), SESSION_USER, now(), null),
(242, 'Escuela Seccional La Revuelta',14, 'SIN DISTRITO', SESSION_USER, now(), SESSION_USER, now(), null),
(243, 'Unidad Educativa San Blas',14, 'SIN DISTRITO', SESSION_USER, now(), SESSION_USER, now(), null),
(244, 'Unidad Educativa El Dorado',14, 'SIN DISTRITO', SESSION_USER, now(), SESSION_USER, now(), null),
(245, 'U.E. Barbechos',14, 'SIN DISTRITO', SESSION_USER, now(), SESSION_USER, now(), null),
(246, 'U.E. Kharachimayu',14, 'SIN DISTRITO', SESSION_USER, now(), SESSION_USER, now(), null),
(247, 'Escuela María Vda. De Valda',15, 'SIN DISTRITO', SESSION_USER, now(), SESSION_USER, now(), null),
(248, 'Escuela Bernardo Monteagudo',15, 'SIN DISTRITO', SESSION_USER, now(), SESSION_USER, now(), null),
(249, 'U.E. Lucio Siles Morales',15, 'SIN DISTRITO', SESSION_USER, now(), SESSION_USER, now(), null),
(250, 'CEA Jorge Vargas Menduiña',15, 'SIN DISTRITO', SESSION_USER, now(), SESSION_USER, now(), null),
(251, '(Cárcel) Carceleta Pública de Monteagudo',15, 'SIN DISTRITO', SESSION_USER, now(), SESSION_USER, now(), null),
(252, 'Nucleo Escolar Bartolo',15, 'SIN DISTRITO', SESSION_USER, now(), SESSION_USER, now(), null),
(253, 'Escuela Pampa Heredia',15, 'SIN DISTRITO', SESSION_USER, now(), SESSION_USER, now(), null),
(254, 'U. Edu. Juana Azurduy De Padilla',15, 'SIN DISTRITO', SESSION_USER, now(), SESSION_USER, now(), null),
(255, 'Unidad Educativa Rebeca De La Vega',15, 'SIN DISTRITO', SESSION_USER, now(), SESSION_USER, now(), null),
(256, 'U.E. Gladys Cruz Perez',15, 'SIN DISTRITO', SESSION_USER, now(), SESSION_USER, now(), null),
(257, 'Escuela Pedernal',15, 'SIN DISTRITO', SESSION_USER, now(), SESSION_USER, now(), null),
(258, 'Escuela 6 de Junio',15, 'SIN DISTRITO', SESSION_USER, now(), SESSION_USER, now(), null),
(259, 'Escuela Fernandez',15, 'SIN DISTRITO', SESSION_USER, now(), SESSION_USER, now(), null),
(260, 'Escuela Chapimayu',15, 'SIN DISTRITO', SESSION_USER, now(), SESSION_USER, now(), null),
(261, 'Escuela Despensas',15, 'SIN DISTRITO', SESSION_USER, now(), SESSION_USER, now(), null),
(262, 'Escuela Yana Yana',15, 'SIN DISTRITO', SESSION_USER, now(), SESSION_USER, now(), null),
(263, 'U. Edu. San Miguel Del Bañado',15, 'SIN DISTRITO', SESSION_USER, now(), SESSION_USER, now(), null),
(264, 'Escuela El Zapallar',15, 'SIN DISTRITO', SESSION_USER, now(), SESSION_USER, now(), null),
(265, 'Escuela San Lorenzo',15, 'SIN DISTRITO', SESSION_USER, now(), SESSION_USER, now(), null),
(266, 'U. Edu. San Pedro Del Parapeti',15, 'SIN DISTRITO', SESSION_USER, now(), SESSION_USER, now(), null),
(267, 'Unidad Educativa Valle Nuevo',15, 'SIN DISTRITO', SESSION_USER, now(), SESSION_USER, now(), null),
(268, 'Unidad Educativa Roldana',15, 'SIN DISTRITO', SESSION_USER, now(), SESSION_USER, now(), null),
(269, 'Unidad Educativa Azero Norte',15, 'SIN DISTRITO', SESSION_USER, now(), SESSION_USER, now(), null),
(270, 'Unidad Educativa Los Arcos',15, 'SIN DISTRITO', SESSION_USER, now(), SESSION_USER, now(), null),
(271, 'Unidad Educativa Ingavi',15, 'SIN DISTRITO', SESSION_USER, now(), SESSION_USER, now(), null),
(272, 'U.E. Ñaurenda',15, 'SIN DISTRITO', SESSION_USER, now(), SESSION_USER, now(), null),
(273, 'Colegio Amistad A',16, 'SIN DISTRITO', SESSION_USER, now(), SESSION_USER, now(), null),
(274, 'Escuela Miguel Jhaster',16, 'SIN DISTRITO', SESSION_USER, now(), SESSION_USER, now(), null),
(275, 'Unidad Baldomero Lopez',16, 'SIN DISTRITO', SESSION_USER, now(), SESSION_USER, now(), null),
(276, 'Escuela Rafael Pabon',16, 'SIN DISTRITO', SESSION_USER, now(), SESSION_USER, now(), null),
(277, 'Escuela Salvio Lanuza',16, 'SIN DISTRITO', SESSION_USER, now(), SESSION_USER, now(), null),
(278, 'Unidad Educativa Ernesto Theobald',16, 'SIN DISTRITO', SESSION_USER, now(), SESSION_USER, now(), null),
(279, 'Unidad Educativa San Jorge De Ipaty',16, 'SIN DISTRITO', SESSION_USER, now(), SESSION_USER, now(), null),
(280, 'Unidad Educativa Atirimbia',16, 'SIN DISTRITO', SESSION_USER, now(), SESSION_USER, now(), null),
(281, 'Unidad Educativa Huirasai',16, 'SIN DISTRITO', SESSION_USER, now(), SESSION_USER, now(), null),
(282, 'U. Edu. Rosalia Vda. De Antezana',17, 'TARABUCO - TARABUCO', SESSION_USER, now(), SESSION_USER, now(), null),
(283, 'Colegio Aniceto Arce',17, 'TARABUCO - TARABUCO', SESSION_USER, now(), SESSION_USER, now(), null),
(284, '(Cárcel) Carceleta Pública de Tarabuco',17, 'TARABUCO - TARABUCO', SESSION_USER, now(), SESSION_USER, now(), null),
(285, 'Colegio Nacional Mixto Bolivia',17, 'TARABUCO - CORORO', SESSION_USER, now(), SESSION_USER, now(), null),
(286, 'U.E. Morado Qasa',17, 'TARABUCO - MORADO CKASA', SESSION_USER, now(), SESSION_USER, now(), null),
(287, 'Unidad Educativa Sarufaya',17, 'TARABUCO - SARUFAYA', SESSION_USER, now(), SESSION_USER, now(), null),
(288, 'Escuela Gustavo Valdivia De Pajcha',17, 'PAJCHA - PAJCHA', SESSION_USER, now(), SESSION_USER, now(), null),
(289, 'Unidad Educativa La Cienega',17, 'TARABUCO - LA CIENEGA (Y)', SESSION_USER, now(), SESSION_USER, now(), null),
(290, 'Colegio Pampa Lupiara',17, 'TARABUCO - PAMPA LUPIARA', SESSION_USER, now(), SESSION_USER, now(), null),
(291, 'U. Edu. Salvador Gómez Rodriguez',17, 'TARABUCO - RINCON LUPIARA', SESSION_USER, now(), SESSION_USER, now(), null),
(292, 'U. Edu. San José Del Paredon',17, 'TARABUCO - SAN JOSE DEL PAREDON', SESSION_USER, now(), SESSION_USER, now(), null),
(293, 'Escuela Alfredo Martinez Rodas',17, 'TARABUCO - SURIMA GRANDE', SESSION_USER, now(), SESSION_USER, now(), null),
(294, 'Escuela Collacamani',17, 'TARABUCO - CALLACAMANI', SESSION_USER, now(), SESSION_USER, now(), null),
(295, 'Escuela Tunas Chillca',17, 'SIN DISTRITO', SESSION_USER, now(), SESSION_USER, now(), null),
(296, 'Unidad Educativa El Carmen',17, 'SIN DISTRITO', SESSION_USER, now(), SESSION_USER, now(), null),
(297, 'Unidad Educativa Cayambuco',17, 'SIN DISTRITO', SESSION_USER, now(), SESSION_USER, now(), null),
(298, 'U.E. San Antonio de Toca',17, 'SIN DISTRITO', SESSION_USER, now(), SESSION_USER, now(), null),
(299, 'U.E. Surima Chica',17, 'SIN DISTRITO', SESSION_USER, now(), SESSION_USER, now(), null),
(300, 'U.E. San Jorge de Quollpa',17, 'SIN DISTRITO', SESSION_USER, now(), SESSION_USER, now(), null),
(301, 'U.E. Lajas',17, 'SIN DISTRITO', SESSION_USER, now(), SESSION_USER, now(), null),
(302, 'Unidad Educativa Sotomayor',18, 'SOTOMAYOR - SOTOMAYOR', SESSION_USER, now(), SESSION_USER, now(), null),
(303, 'Escuela Eduardo Sempertegui',18, 'YAMPARAEZ - YAMPARAEZ', SESSION_USER, now(), SESSION_USER, now(), null),
(304, 'Colegio Ana Leon de Huasa Cancha',18, 'YAMPARAEZ - HUASA CANCHA', SESSION_USER, now(), SESSION_USER, now(), null),
(305, 'Colegio Gerardo Rios',18, 'YAMPARAEZ - ESCANA', SESSION_USER, now(), SESSION_USER, now(), null),
(306, 'Unidad Educativa Pulki Avaroa',18, 'YAMPARAEZ - PULQUI AVAROA', SESSION_USER, now(), SESSION_USER, now(), null),
(307, 'Escuela Jatun Ckaka',18, 'SOTOMAYOR - JATUN KHAKHA', SESSION_USER, now(), SESSION_USER, now(), null),
(308, 'Unidad Educativa Carama',18, 'SIN DISTRITO', SESSION_USER, now(), SESSION_USER, now(), null),
(309, 'Unidad Educativa Sajpaya',18, 'SIN DISTRITO', SESSION_USER, now(), SESSION_USER, now(), null),
(310, 'U.E. Pata Llajta',18, 'SIN DISTRITO', SESSION_USER, now(), SESSION_USER, now(), null),
(311, 'Colegio Bolivia',19, 'SIN DISTRITO', SESSION_USER, now(), SESSION_USER, now(), null),
(312, 'Colegio Nacional Mixto 3 De Abril',19, 'SIN DISTRITO', SESSION_USER, now(), SESSION_USER, now(), null),
(313, '(Cárcel) Carceleta Pública de Camargo',19, 'SIN DISTRITO', SESSION_USER, now(), SESSION_USER, now(), null),
(314, 'Unidad Educativa Tacaquira',19, 'SIN DISTRITO', SESSION_USER, now(), SESSION_USER, now(), null),
(315, 'Unidad Educativa Muyuquiri',19, 'SIN DISTRITO', SESSION_USER, now(), SESSION_USER, now(), null),
(316, 'Unidad Educativa Suquistaca',19, 'SIN DISTRITO', SESSION_USER, now(), SESSION_USER, now(), null),
(317, 'U.E. El Porvenir',19, 'SIN DISTRITO', SESSION_USER, now(), SESSION_USER, now(), null),
(318, 'Unidad Educativa Palca Grande',19, 'SIN DISTRITO', SESSION_USER, now(), SESSION_USER, now(), null),
(319, 'Unidad Educativa Higuera Huayco',19, 'SIN DISTRITO', SESSION_USER, now(), SESSION_USER, now(), null),
(320, 'Escuela Yurac Caballo',19, 'SIN DISTRITO', SESSION_USER, now(), SESSION_USER, now(), null),
(321, 'Unidad Educativa Lintaca',19, 'SIN DISTRITO', SESSION_USER, now(), SESSION_USER, now(), null),
(322, 'Escuela La Quemada',19, 'SIN DISTRITO', SESSION_USER, now(), SESSION_USER, now(), null),
(323, 'Unidad Educativa Carpachacra',19, 'SIN DISTRITO', SESSION_USER, now(), SESSION_USER, now(), null),
(324, 'Escuela El Churo',19, 'SIN DISTRITO', SESSION_USER, now(), SESSION_USER, now(), null),
(325, 'Unidad Educativa Huaca Cancha',19, 'SIN DISTRITO', SESSION_USER, now(), SESSION_USER, now(), null),
(326, 'Unidad Educativa Cueva Pampa',19, 'SIN DISTRITO', SESSION_USER, now(), SESSION_USER, now(), null),
(327, 'Unidad Educativa Jatun Quinray',19, 'SIN DISTRITO', SESSION_USER, now(), SESSION_USER, now(), null),
(328, 'Unidad Educativa Quirucillani',19, 'SIN DISTRITO', SESSION_USER, now(), SESSION_USER, now(), null),
(329, 'Unidad Educativa Acchilla',20, 'SIN DISTRITO', SESSION_USER, now(), SESSION_USER, now(), null),
(330, 'U. Edu. Eduardo Avaroa',20, 'SIN DISTRITO', SESSION_USER, now(), SESSION_USER, now(), null),
(331, 'U.E. Rene Barrientos Ortuño',20, 'SIN DISTRITO', SESSION_USER, now(), SESSION_USER, now(), null),
(332, 'Unidad Educativa Padcoyo',20, 'SIN DISTRITO', SESSION_USER, now(), SESSION_USER, now(), null),
(333, 'Unidad Educativa Rosendo La Fuente',20, 'SIN DISTRITO', SESSION_USER, now(), SESSION_USER, now(), null),
(334, 'U.E. 12 de Abril B',20, 'SIN DISTRITO', SESSION_USER, now(), SESSION_USER, now(), null),
(335, 'Unidad Educativa Kollpa',20, 'SIN DISTRITO', SESSION_USER, now(), SESSION_USER, now(), null),
(336, 'Unidad Educativa Canchas Blancas',20, 'SIN DISTRITO', SESSION_USER, now(), SESSION_USER, now(), null),
(337, 'Escuela Payacota Del Carmen',20, 'SIN DISTRITO', SESSION_USER, now(), SESSION_USER, now(), null),
(338, 'Unidad Educativa Tambillos',20, 'SIN DISTRITO', SESSION_USER, now(), SESSION_USER, now(), null),
(339, 'Unidad Educativa Pirhuani',20, 'SIN DISTRITO', SESSION_USER, now(), SESSION_USER, now(), null),
(340, 'Unidad Educativa Uruchini',20, 'SIN DISTRITO', SESSION_USER, now(), SESSION_USER, now(), null),
(341, 'Unidad Educativa Torojchi',20, 'SIN DISTRITO', SESSION_USER, now(), SESSION_USER, now(), null),
(342, 'Unidad Educativa Ocuri',20, 'SIN DISTRITO', SESSION_USER, now(), SESSION_USER, now(), null),
(343, 'Unidad Educativa Palacio Tambo',20, 'SIN DISTRITO', SESSION_USER, now(), SESSION_USER, now(), null),
(344, 'Unidad Educativa Laja Ckasa',20, 'SIN DISTRITO', SESSION_USER, now(), SESSION_USER, now(), null),
(345, 'Unidad Educativa Pasla',20, 'SIN DISTRITO', SESSION_USER, now(), SESSION_USER, now(), null),
(346, 'Unidad Educativa Huañumilla',20, 'SIN DISTRITO', SESSION_USER, now(), SESSION_USER, now(), null),
(347, 'Unidad Educativa Chillagua',20, 'SIN DISTRITO', SESSION_USER, now(), SESSION_USER, now(), null),
(348, 'Escuela Molle Pata',20, 'SIN DISTRITO', SESSION_USER, now(), SESSION_USER, now(), null),
(349, 'Unidad Educativa Sacavillque Chico',20, 'SIN DISTRITO', SESSION_USER, now(), SESSION_USER, now(), null),
(350, 'Escuela Huayllani',20, 'SIN DISTRITO', SESSION_USER, now(), SESSION_USER, now(), null),
(351, 'Unidad Educativa Tambo Ckasa',20, 'SIN DISTRITO', SESSION_USER, now(), SESSION_USER, now(), null),
(352, 'Unidad Educativa Japo',20, 'SIN DISTRITO', SESSION_USER, now(), SESSION_USER, now(), null),
(353, 'Unidad Educativa Buena Vista',20, 'SIN DISTRITO', SESSION_USER, now(), SESSION_USER, now(), null),
(354, 'U.E. Torre De Linares',20, 'SIN DISTRITO', SESSION_USER, now(), SESSION_USER, now(), null),
(355, 'U.E. Pututaca',20, 'SIN DISTRITO', SESSION_USER, now(), SESSION_USER, now(), null),
(356, 'Unidad Educativa Murifaya',20, 'SIN DISTRITO', SESSION_USER, now(), SESSION_USER, now(), null),
(357, 'Unidad Educativa Civita',20, 'SIN DISTRITO', SESSION_USER, now(), SESSION_USER, now(), null),
(358, 'Unidad Educativa San Pedro De Huanaya',20, 'SIN DISTRITO', SESSION_USER, now(), SESSION_USER, now(), null),
(359, 'U.E. Cruz Mayu',20, 'SIN DISTRITO', SESSION_USER, now(), SESSION_USER, now(), null),
(360, 'U.E. El Terrado',20, 'SIN DISTRITO', SESSION_USER, now(), SESSION_USER, now(), null),
(361, 'U.E. Qhirqiwisi',20, 'SIN DISTRITO', SESSION_USER, now(), SESSION_USER, now(), null),
(362, 'U.E. Rodeo Cocha',20, 'SIN DISTRITO', SESSION_USER, now(), SESSION_USER, now(), null),
(363, 'U.E. Chunchu',20, 'SIN DISTRITO', SESSION_USER, now(), SESSION_USER, now(), null),
(364, 'U.E. Coplacia',20, 'SIN DISTRITO', SESSION_USER, now(), SESSION_USER, now(), null),
(365, 'U.E. Laravinto',20, 'SIN DISTRITO', SESSION_USER, now(), SESSION_USER, now(), null),
(366, 'Unidad Educativa Eduardo Avaroa',21, 'SIN DISTRITO', SESSION_USER, now(), SESSION_USER, now(), null),
(367, 'Escuela San Lorencito',21, 'SIN DISTRITO', SESSION_USER, now(), SESSION_USER, now(), null),
(368, 'Escuela Huajlaya',21, 'SIN DISTRITO', SESSION_USER, now(), SESSION_USER, now(), null),
(369, 'Escuela Lampazar',21, 'SIN DISTRITO', SESSION_USER, now(), SESSION_USER, now(), null),
(370, 'Escuela 2 de Agosto',21, 'SIN DISTRITO', SESSION_USER, now(), SESSION_USER, now(), null),
(371, 'Escuela Jolencia',21, 'SIN DISTRITO', SESSION_USER, now(), SESSION_USER, now(), null),
(372, 'Escuela El Verano',21, 'SIN DISTRITO', SESSION_USER, now(), SESSION_USER, now(), null),
(373, 'U.E. Yatina',21, 'SIN DISTRITO', SESSION_USER, now(), SESSION_USER, now(), null),
(374, 'U.E. Marcelo Quiroga Santa Cruz',21, 'SIN DISTRITO', SESSION_USER, now(), SESSION_USER, now(), null),
(375, 'U.E. San Andrés',21, 'SIN DISTRITO', SESSION_USER, now(), SESSION_USER, now(), null),
(376, 'U.E. 25 de Mayo',21, 'SIN DISTRITO', SESSION_USER, now(), SESSION_USER, now(), null),
(377, 'U.E. San Marcelo',21, 'SIN DISTRITO', SESSION_USER, now(), SESSION_USER, now(), null),
(378, 'Colegio Padre Landini Simon Bolivar',22, 'SIN DISTRITO', SESSION_USER, now(), SESSION_USER, now(), null),
(379, 'Esc. Simón Bolívar',22, 'SIN DISTRITO', SESSION_USER, now(), SESSION_USER, now(), null),
(380, 'Unidad Educativa Jose Antonio Zampa',22, 'SIN DISTRITO', SESSION_USER, now(), SESSION_USER, now(), null),
(381, 'Escuela Santa Elena',22, 'SIN DISTRITO', SESSION_USER, now(), SESSION_USER, now(), null),
(382, 'Escuela Caiza K',22, 'SIN DISTRITO', SESSION_USER, now(), SESSION_USER, now(), null),
(383, 'Escuela Supas',22, 'SIN DISTRITO', SESSION_USER, now(), SESSION_USER, now(), null),
(384, 'Escuela Bomboma',22, 'SIN DISTRITO', SESSION_USER, now(), SESSION_USER, now(), null),
(385, 'Escuela Llujllaya',22, 'SIN DISTRITO', SESSION_USER, now(), SESSION_USER, now(), null),
(386, 'U.E. Mollini',22, 'SIN DISTRITO', SESSION_USER, now(), SESSION_USER, now(), null),
(387, 'U.E. Eduardo Abaroa',23, 'SIN DISTRITO', SESSION_USER, now(), SESSION_USER, now(), null),
(388, 'Colegio Daniel Sanchez Bustamante',23, 'SIN DISTRITO', SESSION_USER, now(), SESSION_USER, now(), null),
(389, 'Escuela René Anibarro Gómez',23, 'SIN DISTRITO', SESSION_USER, now(), SESSION_USER, now(), null),
(390, 'Escuela Luis Santos Prado',23, 'SIN DISTRITO', SESSION_USER, now(), SESSION_USER, now(), null),
(391, 'Unid. Educ. San Miguel De La Quebrada',23, 'SIN DISTRITO', SESSION_USER, now(), SESSION_USER, now(), null),
(392, 'Escuela Elisardo Perez',23, 'SIN DISTRITO', SESSION_USER, now(), SESSION_USER, now(), null),
(393, 'Escuela Jorge Anibarro Zapata',23, 'SIN DISTRITO', SESSION_USER, now(), SESSION_USER, now(), null),
(394, 'Unidad Educativa Mamerto Nava Duran',23, 'SIN DISTRITO', SESSION_USER, now(), SESSION_USER, now(), null),
(395, 'Escuela Heroes del Chaco',23, 'SIN DISTRITO', SESSION_USER, now(), SESSION_USER, now(), null),
(396, 'Escuela Dario Ovando Cuellar',23, 'SIN DISTRITO', SESSION_USER, now(), SESSION_USER, now(), null),
(397, 'U.E. Lothar Brucker',23, 'SIN DISTRITO', SESSION_USER, now(), SESSION_USER, now(), null),
(398, 'U.E. Lampazos',23, 'SIN DISTRITO', SESSION_USER, now(), SESSION_USER, now(), null),
(399, 'U.E. Eduardo Gutierrez',23, 'SIN DISTRITO', SESSION_USER, now(), SESSION_USER, now(), null),
(400, 'Unidad Educativa 23 de Marzo',24, 'SIN DISTRITO', SESSION_USER, now(), SESSION_USER, now(), null),
(401, 'Unidad Educativa Jailia',24, 'SIN DISTRITO', SESSION_USER, now(), SESSION_USER, now(), null),
(402, 'Unidad Educativa Tarcana',24, 'SIN DISTRITO', SESSION_USER, now(), SESSION_USER, now(), null),
(403, 'U. Edu. Daniel Sanchez Bustamante',24, 'SIN DISTRITO', SESSION_USER, now(), SESSION_USER, now(), null),
(404, 'Unidad Educativa 2 de Agosto',24, 'SIN DISTRITO', SESSION_USER, now(), SESSION_USER, now(), null),
(405, 'Unidad Educativa Achuma',24, 'SIN DISTRITO', SESSION_USER, now(), SESSION_USER, now(), null),
(406, 'U. Edu. Jose Antonio Zampa',25, 'SIN DISTRITO', SESSION_USER, now(), SESSION_USER, now(), null),
(407, 'CEA Culpina San Roque',25, 'SIN DISTRITO', SESSION_USER, now(), SESSION_USER, now(), null),
(408, 'Unidad Educativa Tojlasa',25, 'SIN DISTRITO', SESSION_USER, now(), SESSION_USER, now(), null),
(409, 'Unidad Educativa Sajlina',25, 'SIN DISTRITO', SESSION_USER, now(), SESSION_USER, now(), null),
(410, 'Unidad Educativa Salitre',25, 'SIN DISTRITO', SESSION_USER, now(), SESSION_USER, now(), null),
(411, 'Unidad Educativa La Cienega',25, 'SIN DISTRITO', SESSION_USER, now(), SESSION_USER, now(), null),
(412, 'Unidad Educativa La Cueva',25, 'SIN DISTRITO', SESSION_USER, now(), SESSION_USER, now(), null),
(413, 'Unidad Educativa El Monte',25, 'SIN DISTRITO', SESSION_USER, now(), SESSION_USER, now(), null),
(414, 'Unidad Educativa La Loma',25, 'SIN DISTRITO', SESSION_USER, now(), SESSION_USER, now(), null),
(415, 'Unidad Educativa San Francisco',25, 'SIN DISTRITO', SESSION_USER, now(), SESSION_USER, now(), null),
(416, 'Unidad Educativa El Palmar',25, 'SIN DISTRITO', SESSION_USER, now(), SESSION_USER, now(), null),
(417, 'Unidad Educativa Puca Pampa',25, 'SIN DISTRITO', SESSION_USER, now(), SESSION_USER, now(), null),
(418, 'Unidad Educativa El Campamento',25, 'SIN DISTRITO', SESSION_USER, now(), SESSION_USER, now(), null),
(419, 'Unidad Educativa Pilaya',25, 'SIN DISTRITO', SESSION_USER, now(), SESSION_USER, now(), null),
(420, 'Unidad Educativa Puma Ckasa',25, 'SIN DISTRITO', SESSION_USER, now(), SESSION_USER, now(), null),
(421, 'Unidad Educativa Sumaya',25, 'SIN DISTRITO', SESSION_USER, now(), SESSION_USER, now(), null),
(422, 'Unidad Educativa Huajlita',25, 'SIN DISTRITO', SESSION_USER, now(), SESSION_USER, now(), null),
(423, 'Escuela El Manzanal',25, 'SIN DISTRITO', SESSION_USER, now(), SESSION_USER, now(), null),
(424, 'Escuela Cañon Verde',25, 'SIN DISTRITO', SESSION_USER, now(), SESSION_USER, now(), null),
(425, 'Unidad Educativa Puca Laja',25, 'SIN DISTRITO', SESSION_USER, now(), SESSION_USER, now(), null),
(426, 'U.E. Laramendy',25, 'SIN DISTRITO', SESSION_USER, now(), SESSION_USER, now(), null),
(427, 'Unidad Educativa Jaime Mendoza',26, 'SIN DISTRITO', SESSION_USER, now(), SESSION_USER, now(), null),
(428, 'Unidad Educativa San Juan',26, 'SIN DISTRITO', SESSION_USER, now(), SESSION_USER, now(), null),
(429, 'Unidad Educativa Santa Rosa',26, 'SIN DISTRITO', SESSION_USER, now(), SESSION_USER, now(), null),
(430, 'Escuela Socpora',26, 'SIN DISTRITO', SESSION_USER, now(), SESSION_USER, now(), null),
(431, 'Unidad Educativa Impora',26, 'SIN DISTRITO', SESSION_USER, now(), SESSION_USER, now(), null),
(432, 'Unidad Educativa La Torre',26, 'SIN DISTRITO', SESSION_USER, now(), SESSION_USER, now(), null),
(433, 'Unidad Educativa Lime',26, 'SIN DISTRITO', SESSION_USER, now(), SESSION_USER, now(), null),
(434, 'Unidad Educativa Taraya',26, 'SIN DISTRITO', SESSION_USER, now(), SESSION_USER, now(), null),
(435, 'Escuela El Monte De Sandoval',26, 'SIN DISTRITO', SESSION_USER, now(), SESSION_USER, now(), null),
(436, 'Escuela Monte De Taraya',26, 'SIN DISTRITO', SESSION_USER, now(), SESSION_USER, now(), null),
(437, 'Escuela Hernando Siles',27, 'SIN DISTRITO', SESSION_USER, now(), SESSION_USER, now(), null),
(438, 'Unidad Educativa Iguembe',27, 'SIN DISTRITO', SESSION_USER, now(), SESSION_USER, now(), null),
(439, 'Casa Comunal Tentayapi',27, 'SIN DISTRITO', SESSION_USER, now(), SESSION_USER, now(), null),
(440, 'Escuela Sapiranguimiri',27, 'SIN DISTRITO', SESSION_USER, now(), SESSION_USER, now(), null),
(441, 'Escuela Ticucha',27, 'SIN DISTRITO', SESSION_USER, now(), SESSION_USER, now(), null),
(442, 'U.E. Leo Schwarz',27, 'SIN DISTRITO', SESSION_USER, now(), SESSION_USER, now(), null),
(443, 'Escuela Rufino Salazar',27, 'SIN DISTRITO', SESSION_USER, now(), SESSION_USER, now(), null),
(444, 'Casa Comunal Aguairenda',27, 'SIN DISTRITO', SESSION_USER, now(), SESSION_USER, now(), null),
(445, 'Unidad Educativa Ity',27, 'SIN DISTRITO', SESSION_USER, now(), SESSION_USER, now(), null),
(446, 'Unidad Educativa Itau',27, 'SIN DISTRITO', SESSION_USER, now(), SESSION_USER, now(), null),
(447, 'U.E. Monte Grande',27, 'SIN DISTRITO', SESSION_USER, now(), SESSION_USER, now(), null),
(448, 'Puesto de Salud Taperillas',27, 'SIN DISTRITO', SESSION_USER, now(), SESSION_USER, now(), null),
(449, 'U.E. Karatindi',27, 'SIN DISTRITO', SESSION_USER, now(), SESSION_USER, now(), null),
(450, 'Escuela San Antonio',28, 'SIN DISTRITO', SESSION_USER, now(), SESSION_USER, now(), null),
(451, 'Escuela Boycobo',28, 'SIN DISTRITO', SESSION_USER, now(), SESSION_USER, now(), null),
(452, 'Escuela Fray Marcos Ozeti',28, 'SIN DISTRITO', SESSION_USER, now(), SESSION_USER, now(), null),
(453, 'Escuela Chimbe',28, 'SIN DISTRITO', SESSION_USER, now(), SESSION_USER, now(), null),
(454, 'Unidad Educativa Bororigua',28, 'SIN DISTRITO', SESSION_USER, now(), SESSION_USER, now(), null),
(455, 'Unidad Educativa Ankaguazu',28, 'SIN DISTRITO', SESSION_USER, now(), SESSION_USER, now(), null),
(456, 'U.E. Camatindi',28, 'SIN DISTRITO', SESSION_USER, now(), SESSION_USER, now(), null),
(457, 'Escuela Eduardo Avaroa',29, 'SIN DISTRITO', SESSION_USER, now(), SESSION_USER, now(), null),
(458, 'Escuela Pedro Domingo Murillo',29, 'SIN DISTRITO', SESSION_USER, now(), SESSION_USER, now(), null),
(459, 'Escuela San Juan de Camatindi',29, 'SIN DISTRITO', SESSION_USER, now(), SESSION_USER, now(), null),
(460, 'U. Edu. Heroes Del Chaco Hernado Siles',29, 'SIN DISTRITO', SESSION_USER, now(), SESSION_USER, now(), null),
(461, 'Escuela El Vinal',29, 'SIN DISTRITO', SESSION_USER, now(), SESSION_USER, now(), null),
(462, 'Colegio Fray Quebracho',29, 'SIN DISTRITO', SESSION_USER, now(), SESSION_USER, now(), null),
(463, 'U.E. Bautista Jurado Hoyos Ipati de Ivo',29, 'SIN DISTRITO', SESSION_USER, now(), SESSION_USER, now(), null),
(464, 'Escuela 25 de Mayo',29, 'SIN DISTRITO', SESSION_USER, now(), SESSION_USER, now(), null),
(465, 'Colegio 27 de Marzo',29, 'SIN DISTRITO', SESSION_USER, now(), SESSION_USER, now(), null),
(466, 'Escuela Tiguipa Pueblo',29, 'SIN DISTRITO', SESSION_USER, now(), SESSION_USER, now(), null),
(467, 'Escuela El Simbolar',29, 'SIN DISTRITO', SESSION_USER, now(), SESSION_USER, now(), null),
(468, 'U.E. Timboycito',29, 'SIN DISTRITO', SESSION_USER, now(), SESSION_USER, now(), null),
(469, 'U.E. Tentami',29, 'SIN DISTRITO', SESSION_USER, now(), SESSION_USER, now(), null),
(470, 'U.E Tamaniguati',29, 'SIN DISTRITO', SESSION_USER, now(), SESSION_USER, now(), null),
(471, 'U.E. La Victoria',29, 'SIN DISTRITO', SESSION_USER, now(), SESSION_USER, now(), null),
(472, 'U.E. Rene Arteaga',29, 'SIN DISTRITO', SESSION_USER, now(), SESSION_USER, now(), null);


INSERT INTO public.mesas
(id, id_recinto, nro_mesa, habilitados, usuario_creacion, fecha_creacion, usuario_modificacion, fecha_modificacion, fecha_eliminacion)
VALUES
(1, 1, 1, 136, SESSION_USER, now(), SESSION_USER, now(), null),
(2, 2, 2, 44, SESSION_USER, now(), SESSION_USER, now(), null),
(3, 2, 1, 240, SESSION_USER, now(), SESSION_USER, now(), null),
(4, 3, 2, 240, SESSION_USER, now(), SESSION_USER, now(), null),
(5, 3, 3, 79, SESSION_USER, now(), SESSION_USER, now(), null),
(6, 3, 1, 240, SESSION_USER, now(), SESSION_USER, now(), null),
(7, 4, 3, 240, SESSION_USER, now(), SESSION_USER, now(), null),
(8, 4, 4, 20, SESSION_USER, now(), SESSION_USER, now(), null),
(9, 4, 2, 240, SESSION_USER, now(), SESSION_USER, now(), null),
(10, 4, 1, 240, SESSION_USER, now(), SESSION_USER, now(), null),
(11, 5, 2, 56, SESSION_USER, now(), SESSION_USER, now(), null),
(12, 5, 1, 240, SESSION_USER, now(), SESSION_USER, now(), null),
(13, 6, 1, 256, SESSION_USER, now(), SESSION_USER, now(), null),
(14, 7, 3, 240, SESSION_USER, now(), SESSION_USER, now(), null),
(15, 7, 2, 240, SESSION_USER, now(), SESSION_USER, now(), null),
(16, 7, 4, 36, SESSION_USER, now(), SESSION_USER, now(), null),
(17, 7, 1, 240, SESSION_USER, now(), SESSION_USER, now(), null),
(18, 8, 2, 23, SESSION_USER, now(), SESSION_USER, now(), null),
(19, 8, 1, 240, SESSION_USER, now(), SESSION_USER, now(), null),
(20, 9, 3, 140, SESSION_USER, now(), SESSION_USER, now(), null),
(21, 9, 1, 240, SESSION_USER, now(), SESSION_USER, now(), null),
(22, 9, 2, 240, SESSION_USER, now(), SESSION_USER, now(), null),
(23, 10, 1, 240, SESSION_USER, now(), SESSION_USER, now(), null),
(24, 10, 5, 67, SESSION_USER, now(), SESSION_USER, now(), null),
(25, 10, 4, 240, SESSION_USER, now(), SESSION_USER, now(), null),
(26, 10, 2, 240, SESSION_USER, now(), SESSION_USER, now(), null),
(27, 10, 3, 240, SESSION_USER, now(), SESSION_USER, now(), null),
(28, 11, 1, 240, SESSION_USER, now(), SESSION_USER, now(), null),
(29, 11, 3, 113, SESSION_USER, now(), SESSION_USER, now(), null),
(30, 11, 2, 240, SESSION_USER, now(), SESSION_USER, now(), null),
(31, 12, 1, 240, SESSION_USER, now(), SESSION_USER, now(), null),
(32, 12, 2, 71, SESSION_USER, now(), SESSION_USER, now(), null),
(33, 13, 8, 98, SESSION_USER, now(), SESSION_USER, now(), null),
(34, 13, 2, 240, SESSION_USER, now(), SESSION_USER, now(), null),
(35, 13, 1, 240, SESSION_USER, now(), SESSION_USER, now(), null),
(36, 13, 3, 240, SESSION_USER, now(), SESSION_USER, now(), null),
(37, 13, 7, 240, SESSION_USER, now(), SESSION_USER, now(), null),
(38, 13, 4, 240, SESSION_USER, now(), SESSION_USER, now(), null),
(39, 13, 5, 240, SESSION_USER, now(), SESSION_USER, now(), null),
(40, 13, 6, 240, SESSION_USER, now(), SESSION_USER, now(), null),
(41, 14, 5, 240, SESSION_USER, now(), SESSION_USER, now(), null),
(42, 14, 3, 240, SESSION_USER, now(), SESSION_USER, now(), null),
(43, 14, 6, 154, SESSION_USER, now(), SESSION_USER, now(), null),
(44, 14, 1, 240, SESSION_USER, now(), SESSION_USER, now(), null),
(45, 14, 2, 240, SESSION_USER, now(), SESSION_USER, now(), null),
(46, 14, 4, 240, SESSION_USER, now(), SESSION_USER, now(), null),
(47, 15, 2, 240, SESSION_USER, now(), SESSION_USER, now(), null),
(48, 15, 4, 240, SESSION_USER, now(), SESSION_USER, now(), null),
(49, 15, 1, 240, SESSION_USER, now(), SESSION_USER, now(), null),
(50, 15, 6, 240, SESSION_USER, now(), SESSION_USER, now(), null),
(51, 15, 7, 99, SESSION_USER, now(), SESSION_USER, now(), null),
(52, 15, 3, 240, SESSION_USER, now(), SESSION_USER, now(), null),
(53, 15, 5, 240, SESSION_USER, now(), SESSION_USER, now(), null),
(54, 16, 1, 240, SESSION_USER, now(), SESSION_USER, now(), null),
(55, 16, 4, 240, SESSION_USER, now(), SESSION_USER, now(), null),
(56, 16, 2, 240, SESSION_USER, now(), SESSION_USER, now(), null),
(57, 16, 13, 240, SESSION_USER, now(), SESSION_USER, now(), null),
(58, 16, 12, 240, SESSION_USER, now(), SESSION_USER, now(), null),
(59, 16, 3, 240, SESSION_USER, now(), SESSION_USER, now(), null),
(60, 16, 8, 240, SESSION_USER, now(), SESSION_USER, now(), null),
(61, 16, 15, 240, SESSION_USER, now(), SESSION_USER, now(), null),
(62, 16, 17, 240, SESSION_USER, now(), SESSION_USER, now(), null),
(63, 16, 18, 76, SESSION_USER, now(), SESSION_USER, now(), null),
(64, 16, 11, 240, SESSION_USER, now(), SESSION_USER, now(), null),
(65, 16, 14, 240, SESSION_USER, now(), SESSION_USER, now(), null),
(66, 16, 16, 240, SESSION_USER, now(), SESSION_USER, now(), null),
(67, 16, 6, 240, SESSION_USER, now(), SESSION_USER, now(), null),
(68, 16, 5, 240, SESSION_USER, now(), SESSION_USER, now(), null),
(69, 16, 7, 240, SESSION_USER, now(), SESSION_USER, now(), null),
(70, 16, 9, 240, SESSION_USER, now(), SESSION_USER, now(), null),
(71, 16, 10, 240, SESSION_USER, now(), SESSION_USER, now(), null),
(72, 17, 4, 240, SESSION_USER, now(), SESSION_USER, now(), null),
(73, 17, 5, 240, SESSION_USER, now(), SESSION_USER, now(), null),
(74, 17, 2, 240, SESSION_USER, now(), SESSION_USER, now(), null),
(75, 17, 1, 240, SESSION_USER, now(), SESSION_USER, now(), null),
(76, 17, 3, 240, SESSION_USER, now(), SESSION_USER, now(), null),
(77, 17, 6, 47, SESSION_USER, now(), SESSION_USER, now(), null),
(78, 18, 2, 240, SESSION_USER, now(), SESSION_USER, now(), null),
(79, 18, 5, 240, SESSION_USER, now(), SESSION_USER, now(), null),
(80, 18, 6, 86, SESSION_USER, now(), SESSION_USER, now(), null),
(81, 18, 3, 240, SESSION_USER, now(), SESSION_USER, now(), null),
(82, 18, 1, 240, SESSION_USER, now(), SESSION_USER, now(), null),
(83, 18, 4, 240, SESSION_USER, now(), SESSION_USER, now(), null),
(84, 19, 2, 240, SESSION_USER, now(), SESSION_USER, now(), null),
(85, 19, 4, 240, SESSION_USER, now(), SESSION_USER, now(), null),
(86, 19, 5, 161, SESSION_USER, now(), SESSION_USER, now(), null),
(87, 19, 1, 240, SESSION_USER, now(), SESSION_USER, now(), null),
(88, 19, 3, 240, SESSION_USER, now(), SESSION_USER, now(), null),
(89, 20, 3, 26, SESSION_USER, now(), SESSION_USER, now(), null),
(90, 20, 2, 240, SESSION_USER, now(), SESSION_USER, now(), null),
(91, 20, 1, 240, SESSION_USER, now(), SESSION_USER, now(), null),
(92, 21, 7, 240, SESSION_USER, now(), SESSION_USER, now(), null),
(93, 21, 9, 240, SESSION_USER, now(), SESSION_USER, now(), null),
(94, 21, 4, 240, SESSION_USER, now(), SESSION_USER, now(), null),
(95, 21, 15, 240, SESSION_USER, now(), SESSION_USER, now(), null),
(96, 21, 1, 240, SESSION_USER, now(), SESSION_USER, now(), null),
(97, 21, 13, 240, SESSION_USER, now(), SESSION_USER, now(), null),
(98, 21, 2, 240, SESSION_USER, now(), SESSION_USER, now(), null),
(99, 21, 3, 240, SESSION_USER, now(), SESSION_USER, now(), null),
(100, 21, 14, 240, SESSION_USER, now(), SESSION_USER, now(), null),
(101, 21, 6, 240, SESSION_USER, now(), SESSION_USER, now(), null),
(102, 21, 12, 240, SESSION_USER, now(), SESSION_USER, now(), null),
(103, 21, 11, 240, SESSION_USER, now(), SESSION_USER, now(), null),
(104, 21, 16, 175, SESSION_USER, now(), SESSION_USER, now(), null),
(105, 21, 5, 240, SESSION_USER, now(), SESSION_USER, now(), null),
(106, 21, 8, 240, SESSION_USER, now(), SESSION_USER, now(), null),
(107, 21, 10, 240, SESSION_USER, now(), SESSION_USER, now(), null),
(108, 22, 1, 240, SESSION_USER, now(), SESSION_USER, now(), null),
(109, 22, 3, 240, SESSION_USER, now(), SESSION_USER, now(), null),
(110, 22, 2, 240, SESSION_USER, now(), SESSION_USER, now(), null),
(111, 22, 4, 240, SESSION_USER, now(), SESSION_USER, now(), null),
(112, 22, 5, 200, SESSION_USER, now(), SESSION_USER, now(), null),
(113, 23, 1, 240, SESSION_USER, now(), SESSION_USER, now(), null),
(114, 23, 3, 157, SESSION_USER, now(), SESSION_USER, now(), null),
(115, 23, 2, 240, SESSION_USER, now(), SESSION_USER, now(), null),
(116, 24, 3, 240, SESSION_USER, now(), SESSION_USER, now(), null),
(117, 24, 6, 240, SESSION_USER, now(), SESSION_USER, now(), null),
(118, 24, 4, 240, SESSION_USER, now(), SESSION_USER, now(), null),
(119, 24, 5, 240, SESSION_USER, now(), SESSION_USER, now(), null),
(120, 24, 1, 240, SESSION_USER, now(), SESSION_USER, now(), null),
(121, 24, 7, 229, SESSION_USER, now(), SESSION_USER, now(), null),
(122, 24, 2, 240, SESSION_USER, now(), SESSION_USER, now(), null),
(123, 25, 5, 240, SESSION_USER, now(), SESSION_USER, now(), null),
(124, 25, 1, 240, SESSION_USER, now(), SESSION_USER, now(), null),
(125, 25, 3, 240, SESSION_USER, now(), SESSION_USER, now(), null),
(126, 25, 6, 240, SESSION_USER, now(), SESSION_USER, now(), null),
(127, 25, 7, 240, SESSION_USER, now(), SESSION_USER, now(), null),
(128, 25, 2, 240, SESSION_USER, now(), SESSION_USER, now(), null),
(129, 25, 4, 240, SESSION_USER, now(), SESSION_USER, now(), null),
(130, 25, 8, 213, SESSION_USER, now(), SESSION_USER, now(), null),
(131, 26, 4, 240, SESSION_USER, now(), SESSION_USER, now(), null),
(132, 26, 1, 240, SESSION_USER, now(), SESSION_USER, now(), null),
(133, 26, 2, 240, SESSION_USER, now(), SESSION_USER, now(), null),
(134, 26, 3, 240, SESSION_USER, now(), SESSION_USER, now(), null),
(135, 26, 5, 209, SESSION_USER, now(), SESSION_USER, now(), null),
(136, 27, 4, 240, SESSION_USER, now(), SESSION_USER, now(), null),
(137, 27, 5, 80, SESSION_USER, now(), SESSION_USER, now(), null),
(138, 27, 2, 240, SESSION_USER, now(), SESSION_USER, now(), null),
(139, 27, 1, 240, SESSION_USER, now(), SESSION_USER, now(), null),
(140, 27, 3, 240, SESSION_USER, now(), SESSION_USER, now(), null),
(141, 28, 4, 240, SESSION_USER, now(), SESSION_USER, now(), null),
(142, 28, 8, 240, SESSION_USER, now(), SESSION_USER, now(), null),
(143, 28, 5, 240, SESSION_USER, now(), SESSION_USER, now(), null),
(144, 28, 1, 240, SESSION_USER, now(), SESSION_USER, now(), null),
(145, 28, 2, 240, SESSION_USER, now(), SESSION_USER, now(), null),
(146, 28, 3, 240, SESSION_USER, now(), SESSION_USER, now(), null),
(147, 28, 6, 240, SESSION_USER, now(), SESSION_USER, now(), null),
(148, 28, 9, 102, SESSION_USER, now(), SESSION_USER, now(), null),
(149, 28, 7, 240, SESSION_USER, now(), SESSION_USER, now(), null),
(150, 29, 1, 240, SESSION_USER, now(), SESSION_USER, now(), null),
(151, 29, 3, 240, SESSION_USER, now(), SESSION_USER, now(), null),
(152, 29, 7, 240, SESSION_USER, now(), SESSION_USER, now(), null),
(153, 29, 6, 240, SESSION_USER, now(), SESSION_USER, now(), null),
(154, 29, 2, 240, SESSION_USER, now(), SESSION_USER, now(), null),
(155, 29, 4, 240, SESSION_USER, now(), SESSION_USER, now(), null),
(156, 29, 5, 240, SESSION_USER, now(), SESSION_USER, now(), null),
(157, 29, 8, 240, SESSION_USER, now(), SESSION_USER, now(), null),
(158, 29, 9, 220, SESSION_USER, now(), SESSION_USER, now(), null),
(159, 30, 1, 240, SESSION_USER, now(), SESSION_USER, now(), null),
(160, 30, 3, 82, SESSION_USER, now(), SESSION_USER, now(), null),
(161, 30, 2, 240, SESSION_USER, now(), SESSION_USER, now(), null),
(162, 31, 4, 240, SESSION_USER, now(), SESSION_USER, now(), null),
(163, 31, 7, 240, SESSION_USER, now(), SESSION_USER, now(), null),
(164, 31, 8, 46, SESSION_USER, now(), SESSION_USER, now(), null),
(165, 31, 3, 240, SESSION_USER, now(), SESSION_USER, now(), null),
(166, 31, 2, 240, SESSION_USER, now(), SESSION_USER, now(), null),
(167, 31, 5, 240, SESSION_USER, now(), SESSION_USER, now(), null),
(168, 31, 1, 240, SESSION_USER, now(), SESSION_USER, now(), null),
(169, 31, 6, 240, SESSION_USER, now(), SESSION_USER, now(), null),
(170, 32, 11, 240, SESSION_USER, now(), SESSION_USER, now(), null),
(171, 32, 15, 240, SESSION_USER, now(), SESSION_USER, now(), null),
(172, 32, 18, 240, SESSION_USER, now(), SESSION_USER, now(), null),
(173, 32, 13, 240, SESSION_USER, now(), SESSION_USER, now(), null),
(174, 32, 19, 240, SESSION_USER, now(), SESSION_USER, now(), null),
(175, 32, 14, 240, SESSION_USER, now(), SESSION_USER, now(), null),
(176, 32, 17, 240, SESSION_USER, now(), SESSION_USER, now(), null),
(177, 32, 12, 240, SESSION_USER, now(), SESSION_USER, now(), null),
(178, 32, 20, 35, SESSION_USER, now(), SESSION_USER, now(), null),
(179, 32, 4, 240, SESSION_USER, now(), SESSION_USER, now(), null),
(180, 32, 5, 240, SESSION_USER, now(), SESSION_USER, now(), null),
(181, 32, 8, 240, SESSION_USER, now(), SESSION_USER, now(), null),
(182, 32, 16, 240, SESSION_USER, now(), SESSION_USER, now(), null),
(183, 32, 1, 240, SESSION_USER, now(), SESSION_USER, now(), null),
(184, 32, 3, 240, SESSION_USER, now(), SESSION_USER, now(), null),
(185, 32, 10, 240, SESSION_USER, now(), SESSION_USER, now(), null),
(186, 32, 2, 240, SESSION_USER, now(), SESSION_USER, now(), null),
(187, 32, 6, 240, SESSION_USER, now(), SESSION_USER, now(), null),
(188, 32, 7, 240, SESSION_USER, now(), SESSION_USER, now(), null),
(189, 32, 9, 240, SESSION_USER, now(), SESSION_USER, now(), null),
(190, 33, 2, 240, SESSION_USER, now(), SESSION_USER, now(), null),
(191, 33, 4, 155, SESSION_USER, now(), SESSION_USER, now(), null),
(192, 33, 3, 240, SESSION_USER, now(), SESSION_USER, now(), null),
(193, 33, 1, 240, SESSION_USER, now(), SESSION_USER, now(), null),
(194, 34, 2, 240, SESSION_USER, now(), SESSION_USER, now(), null),
(195, 34, 4, 240, SESSION_USER, now(), SESSION_USER, now(), null),
(196, 34, 7, 146, SESSION_USER, now(), SESSION_USER, now(), null),
(197, 34, 1, 240, SESSION_USER, now(), SESSION_USER, now(), null),
(198, 34, 3, 240, SESSION_USER, now(), SESSION_USER, now(), null),
(199, 34, 6, 240, SESSION_USER, now(), SESSION_USER, now(), null),
(200, 34, 5, 240, SESSION_USER, now(), SESSION_USER, now(), null),
(201, 35, 1, 240, SESSION_USER, now(), SESSION_USER, now(), null),
(202, 35, 4, 240, SESSION_USER, now(), SESSION_USER, now(), null),
(203, 35, 5, 240, SESSION_USER, now(), SESSION_USER, now(), null),
(204, 35, 6, 160, SESSION_USER, now(), SESSION_USER, now(), null),
(205, 35, 2, 240, SESSION_USER, now(), SESSION_USER, now(), null),
(206, 35, 3, 240, SESSION_USER, now(), SESSION_USER, now(), null),
(207, 36, 3, 240, SESSION_USER, now(), SESSION_USER, now(), null),
(208, 36, 9, 23, SESSION_USER, now(), SESSION_USER, now(), null),
(209, 36, 4, 240, SESSION_USER, now(), SESSION_USER, now(), null),
(210, 36, 5, 240, SESSION_USER, now(), SESSION_USER, now(), null),
(211, 36, 8, 240, SESSION_USER, now(), SESSION_USER, now(), null),
(212, 36, 1, 240, SESSION_USER, now(), SESSION_USER, now(), null),
(213, 36, 7, 240, SESSION_USER, now(), SESSION_USER, now(), null),
(214, 36, 2, 240, SESSION_USER, now(), SESSION_USER, now(), null),
(215, 36, 6, 240, SESSION_USER, now(), SESSION_USER, now(), null),
(216, 37, 1, 240, SESSION_USER, now(), SESSION_USER, now(), null),
(217, 37, 8, 237, SESSION_USER, now(), SESSION_USER, now(), null),
(218, 37, 2, 240, SESSION_USER, now(), SESSION_USER, now(), null),
(219, 37, 4, 240, SESSION_USER, now(), SESSION_USER, now(), null),
(220, 37, 5, 240, SESSION_USER, now(), SESSION_USER, now(), null),
(221, 37, 6, 240, SESSION_USER, now(), SESSION_USER, now(), null),
(222, 37, 7, 240, SESSION_USER, now(), SESSION_USER, now(), null),
(223, 37, 3, 240, SESSION_USER, now(), SESSION_USER, now(), null),
(224, 38, 2, 240, SESSION_USER, now(), SESSION_USER, now(), null),
(225, 38, 4, 240, SESSION_USER, now(), SESSION_USER, now(), null),
(226, 38, 6, 240, SESSION_USER, now(), SESSION_USER, now(), null),
(227, 38, 8, 240, SESSION_USER, now(), SESSION_USER, now(), null),
(228, 38, 3, 240, SESSION_USER, now(), SESSION_USER, now(), null),
(229, 38, 7, 240, SESSION_USER, now(), SESSION_USER, now(), null),
(230, 38, 11, 162, SESSION_USER, now(), SESSION_USER, now(), null),
(231, 38, 1, 240, SESSION_USER, now(), SESSION_USER, now(), null),
(232, 38, 10, 240, SESSION_USER, now(), SESSION_USER, now(), null),
(233, 38, 5, 240, SESSION_USER, now(), SESSION_USER, now(), null),
(234, 38, 9, 240, SESSION_USER, now(), SESSION_USER, now(), null),
(235, 39, 2, 240, SESSION_USER, now(), SESSION_USER, now(), null),
(236, 39, 6, 240, SESSION_USER, now(), SESSION_USER, now(), null),
(237, 39, 7, 240, SESSION_USER, now(), SESSION_USER, now(), null),
(238, 39, 1, 240, SESSION_USER, now(), SESSION_USER, now(), null),
(239, 39, 3, 240, SESSION_USER, now(), SESSION_USER, now(), null),
(240, 39, 4, 240, SESSION_USER, now(), SESSION_USER, now(), null),
(241, 39, 5, 240, SESSION_USER, now(), SESSION_USER, now(), null),
(242, 39, 8, 119, SESSION_USER, now(), SESSION_USER, now(), null),
(243, 40, 7, 120, SESSION_USER, now(), SESSION_USER, now(), null),
(244, 40, 2, 240, SESSION_USER, now(), SESSION_USER, now(), null),
(245, 40, 5, 240, SESSION_USER, now(), SESSION_USER, now(), null),
(246, 40, 1, 240, SESSION_USER, now(), SESSION_USER, now(), null),
(247, 40, 6, 240, SESSION_USER, now(), SESSION_USER, now(), null),
(248, 40, 4, 240, SESSION_USER, now(), SESSION_USER, now(), null),
(249, 40, 3, 240, SESSION_USER, now(), SESSION_USER, now(), null),
(250, 41, 2, 240, SESSION_USER, now(), SESSION_USER, now(), null),
(251, 41, 7, 240, SESSION_USER, now(), SESSION_USER, now(), null),
(252, 41, 3, 240, SESSION_USER, now(), SESSION_USER, now(), null),
(253, 41, 6, 240, SESSION_USER, now(), SESSION_USER, now(), null),
(254, 41, 8, 240, SESSION_USER, now(), SESSION_USER, now(), null),
(255, 41, 4, 240, SESSION_USER, now(), SESSION_USER, now(), null),
(256, 41, 5, 240, SESSION_USER, now(), SESSION_USER, now(), null),
(257, 41, 9, 240, SESSION_USER, now(), SESSION_USER, now(), null),
(258, 41, 12, 240, SESSION_USER, now(), SESSION_USER, now(), null),
(259, 41, 1, 240, SESSION_USER, now(), SESSION_USER, now(), null),
(260, 41, 11, 240, SESSION_USER, now(), SESSION_USER, now(), null),
(261, 41, 13, 133, SESSION_USER, now(), SESSION_USER, now(), null),
(262, 41, 10, 240, SESSION_USER, now(), SESSION_USER, now(), null),
(263, 42, 4, 240, SESSION_USER, now(), SESSION_USER, now(), null),
(264, 42, 1, 240, SESSION_USER, now(), SESSION_USER, now(), null),
(265, 42, 5, 93, SESSION_USER, now(), SESSION_USER, now(), null),
(266, 42, 2, 240, SESSION_USER, now(), SESSION_USER, now(), null),
(267, 42, 3, 240, SESSION_USER, now(), SESSION_USER, now(), null),
(268, 43, 3, 240, SESSION_USER, now(), SESSION_USER, now(), null),
(269, 43, 1, 240, SESSION_USER, now(), SESSION_USER, now(), null),
(270, 43, 2, 240, SESSION_USER, now(), SESSION_USER, now(), null),
(271, 43, 4, 240, SESSION_USER, now(), SESSION_USER, now(), null),
(272, 43, 5, 227, SESSION_USER, now(), SESSION_USER, now(), null),
(273, 44, 2, 240, SESSION_USER, now(), SESSION_USER, now(), null),
(274, 44, 1, 240, SESSION_USER, now(), SESSION_USER, now(), null),
(275, 44, 3, 196, SESSION_USER, now(), SESSION_USER, now(), null),
(276, 45, 1, 240, SESSION_USER, now(), SESSION_USER, now(), null),
(277, 45, 3, 216, SESSION_USER, now(), SESSION_USER, now(), null),
(278, 45, 2, 240, SESSION_USER, now(), SESSION_USER, now(), null),
(279, 46, 2, 240, SESSION_USER, now(), SESSION_USER, now(), null),
(280, 46, 4, 240, SESSION_USER, now(), SESSION_USER, now(), null),
(281, 46, 10, 240, SESSION_USER, now(), SESSION_USER, now(), null),
(282, 46, 12, 218, SESSION_USER, now(), SESSION_USER, now(), null),
(283, 46, 7, 240, SESSION_USER, now(), SESSION_USER, now(), null),
(284, 46, 5, 240, SESSION_USER, now(), SESSION_USER, now(), null),
(285, 46, 9, 240, SESSION_USER, now(), SESSION_USER, now(), null),
(286, 46, 6, 240, SESSION_USER, now(), SESSION_USER, now(), null),
(287, 46, 8, 240, SESSION_USER, now(), SESSION_USER, now(), null),
(288, 46, 11, 240, SESSION_USER, now(), SESSION_USER, now(), null),
(289, 46, 1, 240, SESSION_USER, now(), SESSION_USER, now(), null),
(290, 46, 3, 240, SESSION_USER, now(), SESSION_USER, now(), null),
(291, 47, 1, 240, SESSION_USER, now(), SESSION_USER, now(), null),
(292, 47, 4, 240, SESSION_USER, now(), SESSION_USER, now(), null),
(293, 47, 5, 240, SESSION_USER, now(), SESSION_USER, now(), null),
(294, 47, 8, 21, SESSION_USER, now(), SESSION_USER, now(), null),
(295, 47, 2, 240, SESSION_USER, now(), SESSION_USER, now(), null),
(296, 47, 6, 240, SESSION_USER, now(), SESSION_USER, now(), null),
(297, 47, 3, 240, SESSION_USER, now(), SESSION_USER, now(), null),
(298, 47, 7, 240, SESSION_USER, now(), SESSION_USER, now(), null),
(299, 48, 16, 240, SESSION_USER, now(), SESSION_USER, now(), null),
(300, 48, 20, 240, SESSION_USER, now(), SESSION_USER, now(), null),
(301, 48, 15, 240, SESSION_USER, now(), SESSION_USER, now(), null),
(302, 48, 18, 240, SESSION_USER, now(), SESSION_USER, now(), null),
(303, 48, 19, 240, SESSION_USER, now(), SESSION_USER, now(), null),
(304, 48, 1, 240, SESSION_USER, now(), SESSION_USER, now(), null),
(305, 48, 4, 240, SESSION_USER, now(), SESSION_USER, now(), null),
(306, 48, 5, 240, SESSION_USER, now(), SESSION_USER, now(), null),
(307, 48, 6, 240, SESSION_USER, now(), SESSION_USER, now(), null),
(308, 48, 8, 240, SESSION_USER, now(), SESSION_USER, now(), null),
(309, 48, 10, 240, SESSION_USER, now(), SESSION_USER, now(), null),
(310, 48, 9, 240, SESSION_USER, now(), SESSION_USER, now(), null),
(311, 48, 11, 240, SESSION_USER, now(), SESSION_USER, now(), null),
(312, 48, 12, 240, SESSION_USER, now(), SESSION_USER, now(), null),
(313, 48, 14, 240, SESSION_USER, now(), SESSION_USER, now(), null),
(314, 48, 3, 240, SESSION_USER, now(), SESSION_USER, now(), null),
(315, 48, 13, 240, SESSION_USER, now(), SESSION_USER, now(), null),
(316, 48, 17, 240, SESSION_USER, now(), SESSION_USER, now(), null),
(317, 48, 2, 240, SESSION_USER, now(), SESSION_USER, now(), null),
(318, 48, 7, 240, SESSION_USER, now(), SESSION_USER, now(), null),
(319, 48, 21, 68, SESSION_USER, now(), SESSION_USER, now(), null),
(320, 49, 15, 240, SESSION_USER, now(), SESSION_USER, now(), null),
(321, 49, 18, 82, SESSION_USER, now(), SESSION_USER, now(), null),
(322, 49, 17, 240, SESSION_USER, now(), SESSION_USER, now(), null),
(323, 49, 4, 240, SESSION_USER, now(), SESSION_USER, now(), null),
(324, 49, 5, 240, SESSION_USER, now(), SESSION_USER, now(), null),
(325, 49, 8, 240, SESSION_USER, now(), SESSION_USER, now(), null),
(326, 49, 11, 240, SESSION_USER, now(), SESSION_USER, now(), null),
(327, 49, 12, 240, SESSION_USER, now(), SESSION_USER, now(), null),
(328, 49, 1, 240, SESSION_USER, now(), SESSION_USER, now(), null),
(329, 49, 16, 240, SESSION_USER, now(), SESSION_USER, now(), null),
(330, 49, 3, 240, SESSION_USER, now(), SESSION_USER, now(), null),
(331, 49, 7, 240, SESSION_USER, now(), SESSION_USER, now(), null),
(332, 49, 9, 240, SESSION_USER, now(), SESSION_USER, now(), null),
(333, 49, 10, 240, SESSION_USER, now(), SESSION_USER, now(), null),
(334, 49, 14, 240, SESSION_USER, now(), SESSION_USER, now(), null),
(335, 49, 2, 240, SESSION_USER, now(), SESSION_USER, now(), null),
(336, 49, 6, 240, SESSION_USER, now(), SESSION_USER, now(), null),
(337, 49, 13, 240, SESSION_USER, now(), SESSION_USER, now(), null),
(338, 50, 2, 240, SESSION_USER, now(), SESSION_USER, now(), null),
(339, 50, 5, 240, SESSION_USER, now(), SESSION_USER, now(), null),
(340, 50, 7, 240, SESSION_USER, now(), SESSION_USER, now(), null),
(341, 50, 9, 240, SESSION_USER, now(), SESSION_USER, now(), null),
(342, 50, 6, 240, SESSION_USER, now(), SESSION_USER, now(), null),
(343, 50, 8, 240, SESSION_USER, now(), SESSION_USER, now(), null),
(344, 50, 12, 240, SESSION_USER, now(), SESSION_USER, now(), null),
(345, 50, 13, 150, SESSION_USER, now(), SESSION_USER, now(), null),
(346, 50, 4, 240, SESSION_USER, now(), SESSION_USER, now(), null),
(347, 50, 1, 240, SESSION_USER, now(), SESSION_USER, now(), null),
(348, 50, 10, 240, SESSION_USER, now(), SESSION_USER, now(), null),
(349, 50, 3, 240, SESSION_USER, now(), SESSION_USER, now(), null),
(350, 50, 11, 240, SESSION_USER, now(), SESSION_USER, now(), null),
(351, 51, 6, 240, SESSION_USER, now(), SESSION_USER, now(), null),
(352, 51, 4, 240, SESSION_USER, now(), SESSION_USER, now(), null),
(353, 51, 5, 240, SESSION_USER, now(), SESSION_USER, now(), null),
(354, 51, 7, 84, SESSION_USER, now(), SESSION_USER, now(), null),
(355, 51, 2, 240, SESSION_USER, now(), SESSION_USER, now(), null),
(356, 51, 3, 240, SESSION_USER, now(), SESSION_USER, now(), null),
(357, 51, 1, 240, SESSION_USER, now(), SESSION_USER, now(), null),
(358, 52, 1, 175, SESSION_USER, now(), SESSION_USER, now(), null),
(359, 53, 8, 240, SESSION_USER, now(), SESSION_USER, now(), null),
(360, 53, 1, 240, SESSION_USER, now(), SESSION_USER, now(), null),
(361, 53, 3, 240, SESSION_USER, now(), SESSION_USER, now(), null),
(362, 53, 19, 240, SESSION_USER, now(), SESSION_USER, now(), null),
(363, 53, 20, 182, SESSION_USER, now(), SESSION_USER, now(), null),
(364, 53, 9, 240, SESSION_USER, now(), SESSION_USER, now(), null),
(365, 53, 12, 240, SESSION_USER, now(), SESSION_USER, now(), null),
(366, 53, 17, 240, SESSION_USER, now(), SESSION_USER, now(), null),
(367, 53, 18, 240, SESSION_USER, now(), SESSION_USER, now(), null),
(368, 53, 5, 240, SESSION_USER, now(), SESSION_USER, now(), null),
(369, 53, 13, 240, SESSION_USER, now(), SESSION_USER, now(), null),
(370, 53, 10, 240, SESSION_USER, now(), SESSION_USER, now(), null),
(371, 53, 15, 240, SESSION_USER, now(), SESSION_USER, now(), null),
(372, 53, 6, 240, SESSION_USER, now(), SESSION_USER, now(), null),
(373, 53, 7, 240, SESSION_USER, now(), SESSION_USER, now(), null),
(374, 53, 11, 240, SESSION_USER, now(), SESSION_USER, now(), null),
(375, 53, 14, 240, SESSION_USER, now(), SESSION_USER, now(), null),
(376, 53, 16, 240, SESSION_USER, now(), SESSION_USER, now(), null),
(377, 53, 2, 240, SESSION_USER, now(), SESSION_USER, now(), null),
(378, 53, 4, 240, SESSION_USER, now(), SESSION_USER, now(), null),
(379, 54, 2, 71, SESSION_USER, now(), SESSION_USER, now(), null),
(380, 54, 1, 240, SESSION_USER, now(), SESSION_USER, now(), null),
(381, 55, 10, 240, SESSION_USER, now(), SESSION_USER, now(), null),
(382, 55, 6, 240, SESSION_USER, now(), SESSION_USER, now(), null),
(383, 55, 8, 240, SESSION_USER, now(), SESSION_USER, now(), null),
(384, 55, 7, 240, SESSION_USER, now(), SESSION_USER, now(), null),
(385, 55, 11, 240, SESSION_USER, now(), SESSION_USER, now(), null),
(386, 55, 12, 240, SESSION_USER, now(), SESSION_USER, now(), null),
(387, 55, 1, 240, SESSION_USER, now(), SESSION_USER, now(), null),
(388, 55, 2, 240, SESSION_USER, now(), SESSION_USER, now(), null),
(389, 55, 4, 240, SESSION_USER, now(), SESSION_USER, now(), null),
(390, 55, 9, 240, SESSION_USER, now(), SESSION_USER, now(), null),
(391, 55, 5, 240, SESSION_USER, now(), SESSION_USER, now(), null),
(392, 55, 13, 36, SESSION_USER, now(), SESSION_USER, now(), null),
(393, 55, 3, 240, SESSION_USER, now(), SESSION_USER, now(), null),
(394, 56, 4, 240, SESSION_USER, now(), SESSION_USER, now(), null),
(395, 56, 3, 240, SESSION_USER, now(), SESSION_USER, now(), null),
(396, 56, 8, 240, SESSION_USER, now(), SESSION_USER, now(), null),
(397, 56, 7, 240, SESSION_USER, now(), SESSION_USER, now(), null),
(398, 56, 2, 240, SESSION_USER, now(), SESSION_USER, now(), null),
(399, 56, 5, 240, SESSION_USER, now(), SESSION_USER, now(), null),
(400, 56, 9, 240, SESSION_USER, now(), SESSION_USER, now(), null),
(401, 56, 11, 240, SESSION_USER, now(), SESSION_USER, now(), null),
(402, 56, 1, 240, SESSION_USER, now(), SESSION_USER, now(), null),
(403, 56, 6, 240, SESSION_USER, now(), SESSION_USER, now(), null),
(404, 56, 10, 240, SESSION_USER, now(), SESSION_USER, now(), null),
(405, 57, 2, 240, SESSION_USER, now(), SESSION_USER, now(), null),
(406, 57, 6, 240, SESSION_USER, now(), SESSION_USER, now(), null),
(407, 57, 24, 240, SESSION_USER, now(), SESSION_USER, now(), null),
(408, 57, 7, 240, SESSION_USER, now(), SESSION_USER, now(), null),
(409, 57, 13, 240, SESSION_USER, now(), SESSION_USER, now(), null),
(410, 57, 14, 240, SESSION_USER, now(), SESSION_USER, now(), null),
(411, 57, 17, 240, SESSION_USER, now(), SESSION_USER, now(), null),
(412, 57, 4, 240, SESSION_USER, now(), SESSION_USER, now(), null),
(413, 57, 5, 240, SESSION_USER, now(), SESSION_USER, now(), null),
(414, 57, 8, 240, SESSION_USER, now(), SESSION_USER, now(), null),
(415, 57, 11, 240, SESSION_USER, now(), SESSION_USER, now(), null),
(416, 57, 12, 240, SESSION_USER, now(), SESSION_USER, now(), null),
(417, 57, 19, 240, SESSION_USER, now(), SESSION_USER, now(), null),
(418, 57, 20, 240, SESSION_USER, now(), SESSION_USER, now(), null),
(419, 57, 22, 240, SESSION_USER, now(), SESSION_USER, now(), null),
(420, 57, 10, 240, SESSION_USER, now(), SESSION_USER, now(), null),
(421, 57, 9, 240, SESSION_USER, now(), SESSION_USER, now(), null),
(422, 57, 15, 240, SESSION_USER, now(), SESSION_USER, now(), null),
(423, 57, 16, 240, SESSION_USER, now(), SESSION_USER, now(), null),
(424, 57, 18, 240, SESSION_USER, now(), SESSION_USER, now(), null),
(425, 57, 21, 240, SESSION_USER, now(), SESSION_USER, now(), null),
(426, 57, 23, 240, SESSION_USER, now(), SESSION_USER, now(), null),
(427, 57, 26, 169, SESSION_USER, now(), SESSION_USER, now(), null),
(428, 57, 1, 240, SESSION_USER, now(), SESSION_USER, now(), null),
(429, 57, 3, 240, SESSION_USER, now(), SESSION_USER, now(), null),
(430, 57, 25, 240, SESSION_USER, now(), SESSION_USER, now(), null),
(431, 58, 8, 240, SESSION_USER, now(), SESSION_USER, now(), null),
(432, 58, 11, 240, SESSION_USER, now(), SESSION_USER, now(), null),
(433, 58, 12, 240, SESSION_USER, now(), SESSION_USER, now(), null),
(434, 58, 1, 240, SESSION_USER, now(), SESSION_USER, now(), null),
(435, 58, 4, 240, SESSION_USER, now(), SESSION_USER, now(), null),
(436, 58, 10, 240, SESSION_USER, now(), SESSION_USER, now(), null),
(437, 58, 14, 81, SESSION_USER, now(), SESSION_USER, now(), null),
(438, 58, 3, 240, SESSION_USER, now(), SESSION_USER, now(), null),
(439, 58, 2, 240, SESSION_USER, now(), SESSION_USER, now(), null),
(440, 58, 7, 240, SESSION_USER, now(), SESSION_USER, now(), null),
(441, 58, 13, 240, SESSION_USER, now(), SESSION_USER, now(), null),
(442, 58, 6, 240, SESSION_USER, now(), SESSION_USER, now(), null),
(443, 58, 5, 240, SESSION_USER, now(), SESSION_USER, now(), null),
(444, 58, 9, 240, SESSION_USER, now(), SESSION_USER, now(), null),
(445, 59, 1, 240, SESSION_USER, now(), SESSION_USER, now(), null),
(446, 59, 6, 240, SESSION_USER, now(), SESSION_USER, now(), null),
(447, 59, 2, 240, SESSION_USER, now(), SESSION_USER, now(), null),
(448, 59, 5, 240, SESSION_USER, now(), SESSION_USER, now(), null),
(449, 59, 7, 210, SESSION_USER, now(), SESSION_USER, now(), null),
(450, 59, 3, 240, SESSION_USER, now(), SESSION_USER, now(), null),
(451, 59, 4, 240, SESSION_USER, now(), SESSION_USER, now(), null),
(452, 60, 3, 240, SESSION_USER, now(), SESSION_USER, now(), null),
(453, 60, 8, 240, SESSION_USER, now(), SESSION_USER, now(), null),
(454, 60, 13, 240, SESSION_USER, now(), SESSION_USER, now(), null),
(455, 60, 10, 240, SESSION_USER, now(), SESSION_USER, now(), null),
(456, 60, 15, 240, SESSION_USER, now(), SESSION_USER, now(), null),
(457, 60, 20, 240, SESSION_USER, now(), SESSION_USER, now(), null),
(458, 60, 2, 240, SESSION_USER, now(), SESSION_USER, now(), null),
(459, 60, 5, 240, SESSION_USER, now(), SESSION_USER, now(), null),
(460, 60, 19, 240, SESSION_USER, now(), SESSION_USER, now(), null),
(461, 60, 1, 240, SESSION_USER, now(), SESSION_USER, now(), null),
(462, 60, 4, 240, SESSION_USER, now(), SESSION_USER, now(), null),
(463, 60, 6, 240, SESSION_USER, now(), SESSION_USER, now(), null),
(464, 60, 21, 240, SESSION_USER, now(), SESSION_USER, now(), null),
(465, 60, 7, 240, SESSION_USER, now(), SESSION_USER, now(), null),
(466, 60, 9, 240, SESSION_USER, now(), SESSION_USER, now(), null),
(467, 60, 12, 240, SESSION_USER, now(), SESSION_USER, now(), null),
(468, 60, 17, 240, SESSION_USER, now(), SESSION_USER, now(), null),
(469, 60, 18, 240, SESSION_USER, now(), SESSION_USER, now(), null),
(470, 60, 22, 240, SESSION_USER, now(), SESSION_USER, now(), null),
(471, 60, 11, 240, SESSION_USER, now(), SESSION_USER, now(), null),
(472, 60, 23, 240, SESSION_USER, now(), SESSION_USER, now(), null),
(473, 60, 26, 85, SESSION_USER, now(), SESSION_USER, now(), null),
(474, 60, 14, 240, SESSION_USER, now(), SESSION_USER, now(), null),
(475, 60, 16, 240, SESSION_USER, now(), SESSION_USER, now(), null),
(476, 60, 24, 240, SESSION_USER, now(), SESSION_USER, now(), null),
(477, 60, 25, 240, SESSION_USER, now(), SESSION_USER, now(), null),
(478, 61, 13, 125, SESSION_USER, now(), SESSION_USER, now(), null),
(479, 61, 3, 240, SESSION_USER, now(), SESSION_USER, now(), null),
(480, 61, 10, 240, SESSION_USER, now(), SESSION_USER, now(), null),
(481, 61, 2, 240, SESSION_USER, now(), SESSION_USER, now(), null),
(482, 61, 4, 240, SESSION_USER, now(), SESSION_USER, now(), null),
(483, 61, 5, 240, SESSION_USER, now(), SESSION_USER, now(), null),
(484, 61, 12, 240, SESSION_USER, now(), SESSION_USER, now(), null),
(485, 61, 1, 240, SESSION_USER, now(), SESSION_USER, now(), null),
(486, 61, 9, 240, SESSION_USER, now(), SESSION_USER, now(), null),
(487, 61, 11, 240, SESSION_USER, now(), SESSION_USER, now(), null),
(488, 61, 6, 240, SESSION_USER, now(), SESSION_USER, now(), null),
(489, 61, 8, 240, SESSION_USER, now(), SESSION_USER, now(), null),
(490, 61, 7, 240, SESSION_USER, now(), SESSION_USER, now(), null),
(491, 62, 2, 240, SESSION_USER, now(), SESSION_USER, now(), null),
(492, 62, 16, 240, SESSION_USER, now(), SESSION_USER, now(), null),
(493, 62, 19, 240, SESSION_USER, now(), SESSION_USER, now(), null),
(494, 62, 4, 240, SESSION_USER, now(), SESSION_USER, now(), null),
(495, 62, 14, 240, SESSION_USER, now(), SESSION_USER, now(), null),
(496, 62, 10, 240, SESSION_USER, now(), SESSION_USER, now(), null),
(497, 62, 5, 240, SESSION_USER, now(), SESSION_USER, now(), null),
(498, 62, 7, 240, SESSION_USER, now(), SESSION_USER, now(), null),
(499, 62, 9, 240, SESSION_USER, now(), SESSION_USER, now(), null),
(500, 62, 21, 240, SESSION_USER, now(), SESSION_USER, now(), null),
(501, 62, 22, 240, SESSION_USER, now(), SESSION_USER, now(), null),
(502, 62, 6, 240, SESSION_USER, now(), SESSION_USER, now(), null),
(503, 62, 24, 240, SESSION_USER, now(), SESSION_USER, now(), null),
(504, 62, 25, 240, SESSION_USER, now(), SESSION_USER, now(), null),
(505, 62, 3, 240, SESSION_USER, now(), SESSION_USER, now(), null),
(506, 62, 11, 240, SESSION_USER, now(), SESSION_USER, now(), null),
(507, 62, 23, 240, SESSION_USER, now(), SESSION_USER, now(), null),
(508, 62, 26, 136, SESSION_USER, now(), SESSION_USER, now(), null),
(509, 62, 1, 240, SESSION_USER, now(), SESSION_USER, now(), null),
(510, 62, 20, 240, SESSION_USER, now(), SESSION_USER, now(), null),
(511, 62, 8, 240, SESSION_USER, now(), SESSION_USER, now(), null),
(512, 62, 12, 240, SESSION_USER, now(), SESSION_USER, now(), null),
(513, 62, 13, 240, SESSION_USER, now(), SESSION_USER, now(), null),
(514, 62, 15, 240, SESSION_USER, now(), SESSION_USER, now(), null),
(515, 62, 17, 240, SESSION_USER, now(), SESSION_USER, now(), null),
(516, 62, 18, 240, SESSION_USER, now(), SESSION_USER, now(), null),
(517, 63, 15, 240, SESSION_USER, now(), SESSION_USER, now(), null),
(518, 63, 6, 240, SESSION_USER, now(), SESSION_USER, now(), null),
(519, 63, 16, 193, SESSION_USER, now(), SESSION_USER, now(), null),
(520, 63, 1, 240, SESSION_USER, now(), SESSION_USER, now(), null),
(521, 63, 3, 240, SESSION_USER, now(), SESSION_USER, now(), null),
(522, 63, 10, 240, SESSION_USER, now(), SESSION_USER, now(), null),
(523, 63, 14, 240, SESSION_USER, now(), SESSION_USER, now(), null),
(524, 63, 2, 240, SESSION_USER, now(), SESSION_USER, now(), null),
(525, 63, 7, 240, SESSION_USER, now(), SESSION_USER, now(), null),
(526, 63, 9, 240, SESSION_USER, now(), SESSION_USER, now(), null),
(527, 63, 11, 240, SESSION_USER, now(), SESSION_USER, now(), null),
(528, 63, 13, 240, SESSION_USER, now(), SESSION_USER, now(), null),
(529, 63, 8, 240, SESSION_USER, now(), SESSION_USER, now(), null),
(530, 63, 4, 240, SESSION_USER, now(), SESSION_USER, now(), null),
(531, 63, 5, 240, SESSION_USER, now(), SESSION_USER, now(), null),
(532, 63, 12, 240, SESSION_USER, now(), SESSION_USER, now(), null),
(533, 64, 3, 240, SESSION_USER, now(), SESSION_USER, now(), null),
(534, 64, 2, 240, SESSION_USER, now(), SESSION_USER, now(), null),
(535, 64, 4, 201, SESSION_USER, now(), SESSION_USER, now(), null),
(536, 64, 1, 240, SESSION_USER, now(), SESSION_USER, now(), null),
(537, 65, 3, 240, SESSION_USER, now(), SESSION_USER, now(), null),
(538, 65, 7, 240, SESSION_USER, now(), SESSION_USER, now(), null),
(539, 65, 9, 240, SESSION_USER, now(), SESSION_USER, now(), null),
(540, 65, 11, 240, SESSION_USER, now(), SESSION_USER, now(), null),
(541, 65, 15, 240, SESSION_USER, now(), SESSION_USER, now(), null),
(542, 65, 16, 240, SESSION_USER, now(), SESSION_USER, now(), null),
(543, 65, 1, 240, SESSION_USER, now(), SESSION_USER, now(), null),
(544, 65, 4, 240, SESSION_USER, now(), SESSION_USER, now(), null),
(545, 65, 5, 240, SESSION_USER, now(), SESSION_USER, now(), null),
(546, 65, 8, 240, SESSION_USER, now(), SESSION_USER, now(), null),
(547, 65, 13, 240, SESSION_USER, now(), SESSION_USER, now(), null),
(548, 65, 14, 240, SESSION_USER, now(), SESSION_USER, now(), null),
(549, 65, 2, 240, SESSION_USER, now(), SESSION_USER, now(), null),
(550, 65, 6, 240, SESSION_USER, now(), SESSION_USER, now(), null),
(551, 65, 10, 240, SESSION_USER, now(), SESSION_USER, now(), null),
(552, 65, 12, 240, SESSION_USER, now(), SESSION_USER, now(), null),
(553, 65, 17, 95, SESSION_USER, now(), SESSION_USER, now(), null),
(554, 66, 7, 240, SESSION_USER, now(), SESSION_USER, now(), null),
(555, 66, 11, 240, SESSION_USER, now(), SESSION_USER, now(), null),
(556, 66, 13, 240, SESSION_USER, now(), SESSION_USER, now(), null),
(557, 66, 15, 126, SESSION_USER, now(), SESSION_USER, now(), null),
(558, 66, 3, 240, SESSION_USER, now(), SESSION_USER, now(), null),
(559, 66, 6, 240, SESSION_USER, now(), SESSION_USER, now(), null),
(560, 66, 9, 240, SESSION_USER, now(), SESSION_USER, now(), null),
(561, 66, 1, 240, SESSION_USER, now(), SESSION_USER, now(), null),
(562, 66, 5, 240, SESSION_USER, now(), SESSION_USER, now(), null),
(563, 66, 14, 240, SESSION_USER, now(), SESSION_USER, now(), null),
(564, 66, 2, 240, SESSION_USER, now(), SESSION_USER, now(), null),
(565, 66, 4, 240, SESSION_USER, now(), SESSION_USER, now(), null),
(566, 66, 8, 240, SESSION_USER, now(), SESSION_USER, now(), null),
(567, 66, 10, 240, SESSION_USER, now(), SESSION_USER, now(), null),
(568, 66, 12, 240, SESSION_USER, now(), SESSION_USER, now(), null),
(569, 67, 2, 240, SESSION_USER, now(), SESSION_USER, now(), null),
(570, 67, 4, 240, SESSION_USER, now(), SESSION_USER, now(), null),
(571, 67, 7, 240, SESSION_USER, now(), SESSION_USER, now(), null),
(572, 67, 6, 240, SESSION_USER, now(), SESSION_USER, now(), null),
(573, 67, 8, 76, SESSION_USER, now(), SESSION_USER, now(), null),
(574, 67, 5, 240, SESSION_USER, now(), SESSION_USER, now(), null),
(575, 67, 1, 240, SESSION_USER, now(), SESSION_USER, now(), null),
(576, 67, 3, 240, SESSION_USER, now(), SESSION_USER, now(), null),
(577, 68, 1, 240, SESSION_USER, now(), SESSION_USER, now(), null),
(578, 68, 14, 240, SESSION_USER, now(), SESSION_USER, now(), null),
(579, 68, 17, 240, SESSION_USER, now(), SESSION_USER, now(), null),
(580, 68, 4, 240, SESSION_USER, now(), SESSION_USER, now(), null),
(581, 68, 12, 240, SESSION_USER, now(), SESSION_USER, now(), null),
(582, 68, 7, 240, SESSION_USER, now(), SESSION_USER, now(), null),
(583, 68, 9, 240, SESSION_USER, now(), SESSION_USER, now(), null),
(584, 68, 15, 240, SESSION_USER, now(), SESSION_USER, now(), null),
(585, 68, 19, 240, SESSION_USER, now(), SESSION_USER, now(), null),
(586, 68, 10, 240, SESSION_USER, now(), SESSION_USER, now(), null),
(587, 68, 8, 240, SESSION_USER, now(), SESSION_USER, now(), null),
(588, 68, 11, 240, SESSION_USER, now(), SESSION_USER, now(), null),
(589, 68, 13, 240, SESSION_USER, now(), SESSION_USER, now(), null),
(590, 68, 20, 50, SESSION_USER, now(), SESSION_USER, now(), null),
(591, 68, 2, 240, SESSION_USER, now(), SESSION_USER, now(), null),
(592, 68, 5, 240, SESSION_USER, now(), SESSION_USER, now(), null),
(593, 68, 3, 240, SESSION_USER, now(), SESSION_USER, now(), null),
(594, 68, 6, 240, SESSION_USER, now(), SESSION_USER, now(), null),
(595, 68, 16, 240, SESSION_USER, now(), SESSION_USER, now(), null),
(596, 68, 18, 240, SESSION_USER, now(), SESSION_USER, now(), null),
(597, 69, 6, 240, SESSION_USER, now(), SESSION_USER, now(), null),
(598, 69, 8, 240, SESSION_USER, now(), SESSION_USER, now(), null),
(599, 69, 1, 240, SESSION_USER, now(), SESSION_USER, now(), null),
(600, 69, 4, 240, SESSION_USER, now(), SESSION_USER, now(), null),
(601, 69, 11, 240, SESSION_USER, now(), SESSION_USER, now(), null),
(602, 69, 5, 240, SESSION_USER, now(), SESSION_USER, now(), null),
(603, 69, 9, 240, SESSION_USER, now(), SESSION_USER, now(), null),
(604, 69, 13, 240, SESSION_USER, now(), SESSION_USER, now(), null),
(605, 69, 17, 240, SESSION_USER, now(), SESSION_USER, now(), null),
(606, 69, 18, 240, SESSION_USER, now(), SESSION_USER, now(), null),
(607, 69, 21, 240, SESSION_USER, now(), SESSION_USER, now(), null),
(608, 69, 3, 240, SESSION_USER, now(), SESSION_USER, now(), null),
(609, 69, 20, 240, SESSION_USER, now(), SESSION_USER, now(), null),
(610, 69, 19, 240, SESSION_USER, now(), SESSION_USER, now(), null),
(611, 69, 12, 240, SESSION_USER, now(), SESSION_USER, now(), null),
(612, 69, 14, 240, SESSION_USER, now(), SESSION_USER, now(), null),
(613, 69, 15, 240, SESSION_USER, now(), SESSION_USER, now(), null),
(614, 69, 7, 240, SESSION_USER, now(), SESSION_USER, now(), null),
(615, 69, 22, 62, SESSION_USER, now(), SESSION_USER, now(), null),
(616, 69, 2, 240, SESSION_USER, now(), SESSION_USER, now(), null),
(617, 69, 10, 240, SESSION_USER, now(), SESSION_USER, now(), null),
(618, 69, 16, 240, SESSION_USER, now(), SESSION_USER, now(), null),
(619, 70, 7, 240, SESSION_USER, now(), SESSION_USER, now(), null),
(620, 70, 9, 240, SESSION_USER, now(), SESSION_USER, now(), null),
(621, 70, 11, 240, SESSION_USER, now(), SESSION_USER, now(), null),
(622, 70, 13, 240, SESSION_USER, now(), SESSION_USER, now(), null),
(623, 70, 4, 240, SESSION_USER, now(), SESSION_USER, now(), null),
(624, 70, 6, 240, SESSION_USER, now(), SESSION_USER, now(), null),
(625, 70, 16, 224, SESSION_USER, now(), SESSION_USER, now(), null),
(626, 70, 1, 240, SESSION_USER, now(), SESSION_USER, now(), null),
(627, 70, 10, 240, SESSION_USER, now(), SESSION_USER, now(), null),
(628, 70, 14, 240, SESSION_USER, now(), SESSION_USER, now(), null),
(629, 70, 2, 240, SESSION_USER, now(), SESSION_USER, now(), null),
(630, 70, 5, 240, SESSION_USER, now(), SESSION_USER, now(), null),
(631, 70, 3, 240, SESSION_USER, now(), SESSION_USER, now(), null),
(632, 70, 8, 240, SESSION_USER, now(), SESSION_USER, now(), null),
(633, 70, 12, 240, SESSION_USER, now(), SESSION_USER, now(), null),
(634, 70, 15, 240, SESSION_USER, now(), SESSION_USER, now(), null),
(635, 71, 1, 238, SESSION_USER, now(), SESSION_USER, now(), null),
(636, 72, 2, 39, SESSION_USER, now(), SESSION_USER, now(), null),
(637, 72, 1, 240, SESSION_USER, now(), SESSION_USER, now(), null),
(638, 73, 3, 240, SESSION_USER, now(), SESSION_USER, now(), null),
(639, 73, 13, 240, SESSION_USER, now(), SESSION_USER, now(), null),
(640, 73, 4, 240, SESSION_USER, now(), SESSION_USER, now(), null),
(641, 73, 5, 240, SESSION_USER, now(), SESSION_USER, now(), null),
(642, 73, 14, 33, SESSION_USER, now(), SESSION_USER, now(), null),
(643, 73, 2, 240, SESSION_USER, now(), SESSION_USER, now(), null),
(644, 73, 11, 240, SESSION_USER, now(), SESSION_USER, now(), null),
(645, 73, 12, 240, SESSION_USER, now(), SESSION_USER, now(), null),
(646, 73, 1, 240, SESSION_USER, now(), SESSION_USER, now(), null),
(647, 73, 8, 240, SESSION_USER, now(), SESSION_USER, now(), null),
(648, 73, 6, 240, SESSION_USER, now(), SESSION_USER, now(), null),
(649, 73, 7, 240, SESSION_USER, now(), SESSION_USER, now(), null),
(650, 73, 9, 240, SESSION_USER, now(), SESSION_USER, now(), null),
(651, 73, 10, 240, SESSION_USER, now(), SESSION_USER, now(), null),
(652, 74, 12, 240, SESSION_USER, now(), SESSION_USER, now(), null),
(653, 74, 3, 240, SESSION_USER, now(), SESSION_USER, now(), null),
(654, 74, 7, 240, SESSION_USER, now(), SESSION_USER, now(), null),
(655, 74, 14, 240, SESSION_USER, now(), SESSION_USER, now(), null),
(656, 74, 10, 240, SESSION_USER, now(), SESSION_USER, now(), null),
(657, 74, 9, 240, SESSION_USER, now(), SESSION_USER, now(), null),
(658, 74, 2, 240, SESSION_USER, now(), SESSION_USER, now(), null),
(659, 74, 4, 240, SESSION_USER, now(), SESSION_USER, now(), null),
(660, 74, 5, 240, SESSION_USER, now(), SESSION_USER, now(), null),
(661, 74, 15, 203, SESSION_USER, now(), SESSION_USER, now(), null),
(662, 74, 1, 240, SESSION_USER, now(), SESSION_USER, now(), null),
(663, 74, 6, 240, SESSION_USER, now(), SESSION_USER, now(), null),
(664, 74, 8, 240, SESSION_USER, now(), SESSION_USER, now(), null),
(665, 74, 11, 240, SESSION_USER, now(), SESSION_USER, now(), null),
(666, 74, 13, 240, SESSION_USER, now(), SESSION_USER, now(), null),
(667, 75, 5, 240, SESSION_USER, now(), SESSION_USER, now(), null),
(668, 75, 1, 240, SESSION_USER, now(), SESSION_USER, now(), null),
(669, 75, 2, 240, SESSION_USER, now(), SESSION_USER, now(), null),
(670, 75, 6, 240, SESSION_USER, now(), SESSION_USER, now(), null),
(671, 75, 3, 240, SESSION_USER, now(), SESSION_USER, now(), null),
(672, 75, 7, 240, SESSION_USER, now(), SESSION_USER, now(), null),
(673, 75, 9, 240, SESSION_USER, now(), SESSION_USER, now(), null),
(674, 75, 4, 240, SESSION_USER, now(), SESSION_USER, now(), null),
(675, 75, 8, 240, SESSION_USER, now(), SESSION_USER, now(), null),
(676, 75, 11, 240, SESSION_USER, now(), SESSION_USER, now(), null),
(677, 75, 10, 240, SESSION_USER, now(), SESSION_USER, now(), null),
(678, 75, 12, 37, SESSION_USER, now(), SESSION_USER, now(), null),
(679, 76, 2, 240, SESSION_USER, now(), SESSION_USER, now(), null),
(680, 76, 11, 75, SESSION_USER, now(), SESSION_USER, now(), null),
(681, 76, 6, 240, SESSION_USER, now(), SESSION_USER, now(), null),
(682, 76, 10, 240, SESSION_USER, now(), SESSION_USER, now(), null),
(683, 76, 4, 240, SESSION_USER, now(), SESSION_USER, now(), null),
(684, 76, 5, 240, SESSION_USER, now(), SESSION_USER, now(), null),
(685, 76, 1, 240, SESSION_USER, now(), SESSION_USER, now(), null),
(686, 76, 8, 240, SESSION_USER, now(), SESSION_USER, now(), null),
(687, 76, 3, 240, SESSION_USER, now(), SESSION_USER, now(), null),
(688, 76, 7, 240, SESSION_USER, now(), SESSION_USER, now(), null),
(689, 76, 9, 240, SESSION_USER, now(), SESSION_USER, now(), null),
(690, 77, 2, 240, SESSION_USER, now(), SESSION_USER, now(), null),
(691, 77, 4, 240, SESSION_USER, now(), SESSION_USER, now(), null),
(692, 77, 5, 240, SESSION_USER, now(), SESSION_USER, now(), null),
(693, 77, 1, 240, SESSION_USER, now(), SESSION_USER, now(), null),
(694, 77, 3, 240, SESSION_USER, now(), SESSION_USER, now(), null),
(695, 77, 6, 240, SESSION_USER, now(), SESSION_USER, now(), null),
(696, 77, 7, 20, SESSION_USER, now(), SESSION_USER, now(), null),
(697, 78, 3, 240, SESSION_USER, now(), SESSION_USER, now(), null),
(698, 78, 6, 240, SESSION_USER, now(), SESSION_USER, now(), null),
(699, 78, 10, 240, SESSION_USER, now(), SESSION_USER, now(), null),
(700, 78, 5, 240, SESSION_USER, now(), SESSION_USER, now(), null),
(701, 78, 8, 240, SESSION_USER, now(), SESSION_USER, now(), null),
(702, 78, 2, 240, SESSION_USER, now(), SESSION_USER, now(), null),
(703, 78, 11, 112, SESSION_USER, now(), SESSION_USER, now(), null),
(704, 78, 1, 240, SESSION_USER, now(), SESSION_USER, now(), null),
(705, 78, 7, 240, SESSION_USER, now(), SESSION_USER, now(), null),
(706, 78, 9, 240, SESSION_USER, now(), SESSION_USER, now(), null),
(707, 78, 4, 240, SESSION_USER, now(), SESSION_USER, now(), null),
(708, 79, 1, 177, SESSION_USER, now(), SESSION_USER, now(), null),
(709, 80, 11, 240, SESSION_USER, now(), SESSION_USER, now(), null),
(710, 80, 15, 240, SESSION_USER, now(), SESSION_USER, now(), null),
(711, 80, 19, 240, SESSION_USER, now(), SESSION_USER, now(), null),
(712, 80, 1, 240, SESSION_USER, now(), SESSION_USER, now(), null),
(713, 80, 5, 240, SESSION_USER, now(), SESSION_USER, now(), null),
(714, 80, 12, 240, SESSION_USER, now(), SESSION_USER, now(), null),
(715, 80, 21, 240, SESSION_USER, now(), SESSION_USER, now(), null),
(716, 80, 9, 240, SESSION_USER, now(), SESSION_USER, now(), null),
(717, 80, 14, 240, SESSION_USER, now(), SESSION_USER, now(), null),
(718, 80, 17, 240, SESSION_USER, now(), SESSION_USER, now(), null),
(719, 80, 20, 240, SESSION_USER, now(), SESSION_USER, now(), null),
(720, 80, 7, 240, SESSION_USER, now(), SESSION_USER, now(), null),
(721, 80, 18, 240, SESSION_USER, now(), SESSION_USER, now(), null),
(722, 80, 3, 240, SESSION_USER, now(), SESSION_USER, now(), null),
(723, 80, 6, 240, SESSION_USER, now(), SESSION_USER, now(), null),
(724, 80, 8, 240, SESSION_USER, now(), SESSION_USER, now(), null),
(725, 80, 10, 240, SESSION_USER, now(), SESSION_USER, now(), null),
(726, 80, 13, 240, SESSION_USER, now(), SESSION_USER, now(), null),
(727, 80, 16, 240, SESSION_USER, now(), SESSION_USER, now(), null),
(728, 80, 23, 155, SESSION_USER, now(), SESSION_USER, now(), null),
(729, 80, 2, 240, SESSION_USER, now(), SESSION_USER, now(), null),
(730, 80, 4, 240, SESSION_USER, now(), SESSION_USER, now(), null),
(731, 80, 22, 240, SESSION_USER, now(), SESSION_USER, now(), null),
(732, 81, 5, 240, SESSION_USER, now(), SESSION_USER, now(), null),
(733, 81, 4, 240, SESSION_USER, now(), SESSION_USER, now(), null),
(734, 81, 7, 225, SESSION_USER, now(), SESSION_USER, now(), null),
(735, 81, 1, 240, SESSION_USER, now(), SESSION_USER, now(), null),
(736, 81, 6, 240, SESSION_USER, now(), SESSION_USER, now(), null),
(737, 81, 2, 240, SESSION_USER, now(), SESSION_USER, now(), null),
(738, 81, 3, 240, SESSION_USER, now(), SESSION_USER, now(), null),
(739, 82, 1, 240, SESSION_USER, now(), SESSION_USER, now(), null),
(740, 82, 8, 240, SESSION_USER, now(), SESSION_USER, now(), null),
(741, 82, 4, 240, SESSION_USER, now(), SESSION_USER, now(), null),
(742, 82, 11, 240, SESSION_USER, now(), SESSION_USER, now(), null),
(743, 82, 12, 240, SESSION_USER, now(), SESSION_USER, now(), null),
(744, 82, 10, 240, SESSION_USER, now(), SESSION_USER, now(), null),
(745, 82, 14, 44, SESSION_USER, now(), SESSION_USER, now(), null),
(746, 82, 3, 240, SESSION_USER, now(), SESSION_USER, now(), null),
(747, 82, 2, 240, SESSION_USER, now(), SESSION_USER, now(), null),
(748, 82, 7, 240, SESSION_USER, now(), SESSION_USER, now(), null),
(749, 82, 5, 240, SESSION_USER, now(), SESSION_USER, now(), null),
(750, 82, 9, 240, SESSION_USER, now(), SESSION_USER, now(), null),
(751, 82, 13, 240, SESSION_USER, now(), SESSION_USER, now(), null),
(752, 82, 6, 240, SESSION_USER, now(), SESSION_USER, now(), null),
(753, 83, 1, 240, SESSION_USER, now(), SESSION_USER, now(), null),
(754, 83, 2, 67, SESSION_USER, now(), SESSION_USER, now(), null),
(755, 84, 1, 240, SESSION_USER, now(), SESSION_USER, now(), null),
(756, 84, 8, 240, SESSION_USER, now(), SESSION_USER, now(), null),
(757, 84, 12, 240, SESSION_USER, now(), SESSION_USER, now(), null),
(758, 84, 16, 240, SESSION_USER, now(), SESSION_USER, now(), null),
(759, 84, 19, 122, SESSION_USER, now(), SESSION_USER, now(), null),
(760, 84, 3, 240, SESSION_USER, now(), SESSION_USER, now(), null),
(761, 84, 2, 240, SESSION_USER, now(), SESSION_USER, now(), null),
(762, 84, 15, 240, SESSION_USER, now(), SESSION_USER, now(), null),
(763, 84, 9, 240, SESSION_USER, now(), SESSION_USER, now(), null),
(764, 84, 10, 240, SESSION_USER, now(), SESSION_USER, now(), null),
(765, 84, 14, 240, SESSION_USER, now(), SESSION_USER, now(), null),
(766, 84, 7, 240, SESSION_USER, now(), SESSION_USER, now(), null),
(767, 84, 11, 240, SESSION_USER, now(), SESSION_USER, now(), null),
(768, 84, 13, 240, SESSION_USER, now(), SESSION_USER, now(), null),
(769, 84, 18, 240, SESSION_USER, now(), SESSION_USER, now(), null),
(770, 84, 17, 240, SESSION_USER, now(), SESSION_USER, now(), null),
(771, 84, 4, 240, SESSION_USER, now(), SESSION_USER, now(), null),
(772, 84, 5, 240, SESSION_USER, now(), SESSION_USER, now(), null),
(773, 84, 6, 240, SESSION_USER, now(), SESSION_USER, now(), null),
(774, 85, 1, 240, SESSION_USER, now(), SESSION_USER, now(), null),
(775, 85, 4, 240, SESSION_USER, now(), SESSION_USER, now(), null),
(776, 85, 5, 240, SESSION_USER, now(), SESSION_USER, now(), null),
(777, 85, 3, 240, SESSION_USER, now(), SESSION_USER, now(), null),
(778, 85, 2, 240, SESSION_USER, now(), SESSION_USER, now(), null),
(779, 85, 6, 152, SESSION_USER, now(), SESSION_USER, now(), null),
(780, 86, 1, 240, SESSION_USER, now(), SESSION_USER, now(), null),
(781, 86, 8, 240, SESSION_USER, now(), SESSION_USER, now(), null),
(782, 86, 15, 240, SESSION_USER, now(), SESSION_USER, now(), null),
(783, 86, 7, 240, SESSION_USER, now(), SESSION_USER, now(), null),
(784, 86, 9, 240, SESSION_USER, now(), SESSION_USER, now(), null),
(785, 86, 17, 240, SESSION_USER, now(), SESSION_USER, now(), null),
(786, 86, 20, 240, SESSION_USER, now(), SESSION_USER, now(), null),
(787, 86, 4, 240, SESSION_USER, now(), SESSION_USER, now(), null),
(788, 86, 5, 240, SESSION_USER, now(), SESSION_USER, now(), null),
(789, 86, 6, 240, SESSION_USER, now(), SESSION_USER, now(), null),
(790, 86, 21, 240, SESSION_USER, now(), SESSION_USER, now(), null),
(791, 86, 22, 240, SESSION_USER, now(), SESSION_USER, now(), null),
(792, 86, 3, 240, SESSION_USER, now(), SESSION_USER, now(), null),
(793, 86, 12, 240, SESSION_USER, now(), SESSION_USER, now(), null),
(794, 86, 11, 240, SESSION_USER, now(), SESSION_USER, now(), null),
(795, 86, 16, 240, SESSION_USER, now(), SESSION_USER, now(), null),
(796, 86, 18, 240, SESSION_USER, now(), SESSION_USER, now(), null),
(797, 86, 19, 240, SESSION_USER, now(), SESSION_USER, now(), null),
(798, 86, 23, 243, SESSION_USER, now(), SESSION_USER, now(), null),
(799, 86, 2, 240, SESSION_USER, now(), SESSION_USER, now(), null),
(800, 86, 10, 240, SESSION_USER, now(), SESSION_USER, now(), null),
(801, 86, 13, 240, SESSION_USER, now(), SESSION_USER, now(), null),
(802, 86, 14, 240, SESSION_USER, now(), SESSION_USER, now(), null),
(803, 87, 5, 240, SESSION_USER, now(), SESSION_USER, now(), null),
(804, 87, 7, 240, SESSION_USER, now(), SESSION_USER, now(), null),
(805, 87, 1, 240, SESSION_USER, now(), SESSION_USER, now(), null),
(806, 87, 3, 240, SESSION_USER, now(), SESSION_USER, now(), null),
(807, 87, 2, 240, SESSION_USER, now(), SESSION_USER, now(), null),
(808, 87, 4, 240, SESSION_USER, now(), SESSION_USER, now(), null),
(809, 87, 6, 240, SESSION_USER, now(), SESSION_USER, now(), null),
(810, 87, 8, 222, SESSION_USER, now(), SESSION_USER, now(), null),
(811, 88, 3, 240, SESSION_USER, now(), SESSION_USER, now(), null),
(812, 88, 6, 240, SESSION_USER, now(), SESSION_USER, now(), null),
(813, 88, 5, 240, SESSION_USER, now(), SESSION_USER, now(), null),
(814, 88, 7, 240, SESSION_USER, now(), SESSION_USER, now(), null),
(815, 88, 9, 240, SESSION_USER, now(), SESSION_USER, now(), null),
(816, 88, 10, 240, SESSION_USER, now(), SESSION_USER, now(), null),
(817, 88, 16, 240, SESSION_USER, now(), SESSION_USER, now(), null),
(818, 88, 19, 240, SESSION_USER, now(), SESSION_USER, now(), null),
(819, 88, 2, 240, SESSION_USER, now(), SESSION_USER, now(), null),
(820, 88, 12, 240, SESSION_USER, now(), SESSION_USER, now(), null),
(821, 88, 14, 240, SESSION_USER, now(), SESSION_USER, now(), null),
(822, 88, 15, 240, SESSION_USER, now(), SESSION_USER, now(), null),
(823, 88, 8, 240, SESSION_USER, now(), SESSION_USER, now(), null),
(824, 88, 11, 240, SESSION_USER, now(), SESSION_USER, now(), null),
(825, 88, 22, 240, SESSION_USER, now(), SESSION_USER, now(), null),
(826, 88, 4, 240, SESSION_USER, now(), SESSION_USER, now(), null),
(827, 88, 13, 240, SESSION_USER, now(), SESSION_USER, now(), null),
(828, 88, 17, 240, SESSION_USER, now(), SESSION_USER, now(), null),
(829, 88, 18, 240, SESSION_USER, now(), SESSION_USER, now(), null),
(830, 88, 23, 169, SESSION_USER, now(), SESSION_USER, now(), null),
(831, 88, 1, 240, SESSION_USER, now(), SESSION_USER, now(), null),
(832, 88, 21, 240, SESSION_USER, now(), SESSION_USER, now(), null),
(833, 88, 20, 240, SESSION_USER, now(), SESSION_USER, now(), null),
(834, 89, 2, 240, SESSION_USER, now(), SESSION_USER, now(), null),
(835, 89, 5, 240, SESSION_USER, now(), SESSION_USER, now(), null),
(836, 89, 9, 240, SESSION_USER, now(), SESSION_USER, now(), null),
(837, 89, 22, 240, SESSION_USER, now(), SESSION_USER, now(), null),
(838, 89, 4, 240, SESSION_USER, now(), SESSION_USER, now(), null),
(839, 89, 15, 240, SESSION_USER, now(), SESSION_USER, now(), null),
(840, 89, 16, 240, SESSION_USER, now(), SESSION_USER, now(), null),
(841, 89, 18, 240, SESSION_USER, now(), SESSION_USER, now(), null),
(842, 89, 1, 240, SESSION_USER, now(), SESSION_USER, now(), null),
(843, 89, 6, 240, SESSION_USER, now(), SESSION_USER, now(), null),
(844, 89, 10, 240, SESSION_USER, now(), SESSION_USER, now(), null),
(845, 89, 12, 240, SESSION_USER, now(), SESSION_USER, now(), null),
(846, 89, 19, 240, SESSION_USER, now(), SESSION_USER, now(), null),
(847, 89, 13, 240, SESSION_USER, now(), SESSION_USER, now(), null),
(848, 89, 14, 240, SESSION_USER, now(), SESSION_USER, now(), null),
(849, 89, 17, 240, SESSION_USER, now(), SESSION_USER, now(), null),
(850, 89, 23, 240, SESSION_USER, now(), SESSION_USER, now(), null),
(851, 89, 25, 240, SESSION_USER, now(), SESSION_USER, now(), null),
(852, 89, 3, 240, SESSION_USER, now(), SESSION_USER, now(), null),
(853, 89, 8, 240, SESSION_USER, now(), SESSION_USER, now(), null),
(854, 89, 11, 240, SESSION_USER, now(), SESSION_USER, now(), null),
(855, 89, 27, 229, SESSION_USER, now(), SESSION_USER, now(), null),
(856, 89, 7, 240, SESSION_USER, now(), SESSION_USER, now(), null),
(857, 89, 21, 240, SESSION_USER, now(), SESSION_USER, now(), null),
(858, 89, 24, 240, SESSION_USER, now(), SESSION_USER, now(), null),
(859, 89, 20, 240, SESSION_USER, now(), SESSION_USER, now(), null),
(860, 89, 26, 240, SESSION_USER, now(), SESSION_USER, now(), null),
(861, 90, 1, 240, SESSION_USER, now(), SESSION_USER, now(), null),
(862, 90, 3, 240, SESSION_USER, now(), SESSION_USER, now(), null),
(863, 90, 4, 201, SESSION_USER, now(), SESSION_USER, now(), null),
(864, 90, 2, 240, SESSION_USER, now(), SESSION_USER, now(), null),
(865, 91, 2, 58, SESSION_USER, now(), SESSION_USER, now(), null),
(866, 91, 1, 240, SESSION_USER, now(), SESSION_USER, now(), null),
(867, 92, 2, 240, SESSION_USER, now(), SESSION_USER, now(), null),
(868, 92, 3, 240, SESSION_USER, now(), SESSION_USER, now(), null),
(869, 92, 1, 240, SESSION_USER, now(), SESSION_USER, now(), null),
(870, 92, 4, 184, SESSION_USER, now(), SESSION_USER, now(), null),
(871, 93, 6, 240, SESSION_USER, now(), SESSION_USER, now(), null),
(872, 93, 12, 240, SESSION_USER, now(), SESSION_USER, now(), null),
(873, 93, 13, 240, SESSION_USER, now(), SESSION_USER, now(), null),
(874, 93, 14, 240, SESSION_USER, now(), SESSION_USER, now(), null),
(875, 93, 5, 240, SESSION_USER, now(), SESSION_USER, now(), null),
(876, 93, 9, 240, SESSION_USER, now(), SESSION_USER, now(), null),
(877, 93, 17, 240, SESSION_USER, now(), SESSION_USER, now(), null),
(878, 93, 25, 240, SESSION_USER, now(), SESSION_USER, now(), null),
(879, 93, 18, 240, SESSION_USER, now(), SESSION_USER, now(), null),
(880, 93, 23, 240, SESSION_USER, now(), SESSION_USER, now(), null),
(881, 93, 1, 240, SESSION_USER, now(), SESSION_USER, now(), null),
(882, 93, 4, 240, SESSION_USER, now(), SESSION_USER, now(), null),
(883, 93, 19, 240, SESSION_USER, now(), SESSION_USER, now(), null),
(884, 93, 20, 240, SESSION_USER, now(), SESSION_USER, now(), null),
(885, 93, 24, 240, SESSION_USER, now(), SESSION_USER, now(), null),
(886, 93, 2, 240, SESSION_USER, now(), SESSION_USER, now(), null),
(887, 93, 15, 240, SESSION_USER, now(), SESSION_USER, now(), null),
(888, 93, 16, 240, SESSION_USER, now(), SESSION_USER, now(), null),
(889, 93, 3, 240, SESSION_USER, now(), SESSION_USER, now(), null),
(890, 93, 8, 240, SESSION_USER, now(), SESSION_USER, now(), null),
(891, 93, 11, 240, SESSION_USER, now(), SESSION_USER, now(), null),
(892, 93, 21, 240, SESSION_USER, now(), SESSION_USER, now(), null),
(893, 93, 22, 240, SESSION_USER, now(), SESSION_USER, now(), null),
(894, 93, 7, 240, SESSION_USER, now(), SESSION_USER, now(), null),
(895, 93, 10, 240, SESSION_USER, now(), SESSION_USER, now(), null),
(896, 93, 26, 234, SESSION_USER, now(), SESSION_USER, now(), null),
(897, 94, 2, 240, SESSION_USER, now(), SESSION_USER, now(), null),
(898, 94, 15, 240, SESSION_USER, now(), SESSION_USER, now(), null),
(899, 94, 16, 240, SESSION_USER, now(), SESSION_USER, now(), null),
(900, 94, 18, 240, SESSION_USER, now(), SESSION_USER, now(), null),
(901, 94, 1, 240, SESSION_USER, now(), SESSION_USER, now(), null),
(902, 94, 3, 240, SESSION_USER, now(), SESSION_USER, now(), null),
(903, 94, 7, 240, SESSION_USER, now(), SESSION_USER, now(), null),
(904, 94, 10, 240, SESSION_USER, now(), SESSION_USER, now(), null),
(905, 94, 24, 240, SESSION_USER, now(), SESSION_USER, now(), null),
(906, 94, 6, 240, SESSION_USER, now(), SESSION_USER, now(), null),
(907, 94, 20, 240, SESSION_USER, now(), SESSION_USER, now(), null),
(908, 94, 22, 240, SESSION_USER, now(), SESSION_USER, now(), null),
(909, 94, 4, 240, SESSION_USER, now(), SESSION_USER, now(), null),
(910, 94, 5, 240, SESSION_USER, now(), SESSION_USER, now(), null),
(911, 94, 21, 240, SESSION_USER, now(), SESSION_USER, now(), null),
(912, 94, 23, 240, SESSION_USER, now(), SESSION_USER, now(), null),
(913, 94, 8, 240, SESSION_USER, now(), SESSION_USER, now(), null),
(914, 94, 9, 240, SESSION_USER, now(), SESSION_USER, now(), null),
(915, 94, 14, 240, SESSION_USER, now(), SESSION_USER, now(), null),
(916, 94, 25, 211, SESSION_USER, now(), SESSION_USER, now(), null),
(917, 94, 13, 240, SESSION_USER, now(), SESSION_USER, now(), null),
(918, 94, 17, 240, SESSION_USER, now(), SESSION_USER, now(), null),
(919, 94, 11, 240, SESSION_USER, now(), SESSION_USER, now(), null),
(920, 94, 12, 240, SESSION_USER, now(), SESSION_USER, now(), null),
(921, 94, 19, 240, SESSION_USER, now(), SESSION_USER, now(), null),
(922, 95, 4, 240, SESSION_USER, now(), SESSION_USER, now(), null),
(923, 95, 1, 240, SESSION_USER, now(), SESSION_USER, now(), null),
(924, 95, 3, 240, SESSION_USER, now(), SESSION_USER, now(), null),
(925, 95, 6, 240, SESSION_USER, now(), SESSION_USER, now(), null),
(926, 95, 5, 240, SESSION_USER, now(), SESSION_USER, now(), null),
(927, 95, 7, 185, SESSION_USER, now(), SESSION_USER, now(), null),
(928, 95, 2, 240, SESSION_USER, now(), SESSION_USER, now(), null),
(929, 96, 10, 240, SESSION_USER, now(), SESSION_USER, now(), null),
(930, 96, 7, 240, SESSION_USER, now(), SESSION_USER, now(), null),
(931, 96, 4, 240, SESSION_USER, now(), SESSION_USER, now(), null),
(932, 96, 8, 240, SESSION_USER, now(), SESSION_USER, now(), null),
(933, 96, 11, 122, SESSION_USER, now(), SESSION_USER, now(), null),
(934, 96, 1, 240, SESSION_USER, now(), SESSION_USER, now(), null),
(935, 96, 5, 240, SESSION_USER, now(), SESSION_USER, now(), null),
(936, 96, 2, 240, SESSION_USER, now(), SESSION_USER, now(), null),
(937, 96, 6, 240, SESSION_USER, now(), SESSION_USER, now(), null),
(938, 96, 3, 240, SESSION_USER, now(), SESSION_USER, now(), null),
(939, 96, 9, 240, SESSION_USER, now(), SESSION_USER, now(), null),
(940, 97, 9, 240, SESSION_USER, now(), SESSION_USER, now(), null),
(941, 97, 25, 240, SESSION_USER, now(), SESSION_USER, now(), null),
(942, 97, 27, 240, SESSION_USER, now(), SESSION_USER, now(), null),
(943, 97, 28, 240, SESSION_USER, now(), SESSION_USER, now(), null),
(944, 97, 24, 240, SESSION_USER, now(), SESSION_USER, now(), null),
(945, 97, 4, 240, SESSION_USER, now(), SESSION_USER, now(), null),
(946, 97, 5, 240, SESSION_USER, now(), SESSION_USER, now(), null),
(947, 97, 8, 240, SESSION_USER, now(), SESSION_USER, now(), null),
(948, 97, 10, 240, SESSION_USER, now(), SESSION_USER, now(), null),
(949, 97, 14, 240, SESSION_USER, now(), SESSION_USER, now(), null),
(950, 97, 16, 240, SESSION_USER, now(), SESSION_USER, now(), null),
(951, 97, 11, 240, SESSION_USER, now(), SESSION_USER, now(), null),
(952, 97, 20, 240, SESSION_USER, now(), SESSION_USER, now(), null),
(953, 97, 29, 194, SESSION_USER, now(), SESSION_USER, now(), null),
(954, 97, 13, 240, SESSION_USER, now(), SESSION_USER, now(), null),
(955, 97, 2, 240, SESSION_USER, now(), SESSION_USER, now(), null),
(956, 97, 6, 240, SESSION_USER, now(), SESSION_USER, now(), null),
(957, 97, 22, 240, SESSION_USER, now(), SESSION_USER, now(), null),
(958, 97, 23, 240, SESSION_USER, now(), SESSION_USER, now(), null),
(959, 97, 7, 240, SESSION_USER, now(), SESSION_USER, now(), null),
(960, 97, 12, 240, SESSION_USER, now(), SESSION_USER, now(), null),
(961, 97, 15, 240, SESSION_USER, now(), SESSION_USER, now(), null),
(962, 97, 17, 240, SESSION_USER, now(), SESSION_USER, now(), null),
(963, 97, 18, 240, SESSION_USER, now(), SESSION_USER, now(), null),
(964, 97, 19, 240, SESSION_USER, now(), SESSION_USER, now(), null),
(965, 97, 1, 240, SESSION_USER, now(), SESSION_USER, now(), null),
(966, 97, 3, 240, SESSION_USER, now(), SESSION_USER, now(), null),
(967, 97, 21, 240, SESSION_USER, now(), SESSION_USER, now(), null),
(968, 97, 26, 240, SESSION_USER, now(), SESSION_USER, now(), null),
(969, 98, 1, 240, SESSION_USER, now(), SESSION_USER, now(), null),
(970, 98, 2, 75, SESSION_USER, now(), SESSION_USER, now(), null),
(971, 99, 1, 240, SESSION_USER, now(), SESSION_USER, now(), null),
(972, 99, 6, 27, SESSION_USER, now(), SESSION_USER, now(), null),
(973, 99, 2, 240, SESSION_USER, now(), SESSION_USER, now(), null),
(974, 99, 5, 240, SESSION_USER, now(), SESSION_USER, now(), null),
(975, 99, 4, 240, SESSION_USER, now(), SESSION_USER, now(), null),
(976, 99, 3, 240, SESSION_USER, now(), SESSION_USER, now(), null),
(977, 100, 5, 240, SESSION_USER, now(), SESSION_USER, now(), null),
(978, 100, 8, 240, SESSION_USER, now(), SESSION_USER, now(), null),
(979, 100, 1, 240, SESSION_USER, now(), SESSION_USER, now(), null),
(980, 100, 11, 240, SESSION_USER, now(), SESSION_USER, now(), null),
(981, 100, 2, 240, SESSION_USER, now(), SESSION_USER, now(), null),
(982, 100, 3, 240, SESSION_USER, now(), SESSION_USER, now(), null),
(983, 100, 6, 240, SESSION_USER, now(), SESSION_USER, now(), null),
(984, 100, 12, 183, SESSION_USER, now(), SESSION_USER, now(), null),
(985, 100, 4, 240, SESSION_USER, now(), SESSION_USER, now(), null),
(986, 100, 10, 240, SESSION_USER, now(), SESSION_USER, now(), null),
(987, 100, 7, 240, SESSION_USER, now(), SESSION_USER, now(), null),
(988, 100, 9, 240, SESSION_USER, now(), SESSION_USER, now(), null),
(989, 101, 3, 240, SESSION_USER, now(), SESSION_USER, now(), null),
(990, 101, 2, 240, SESSION_USER, now(), SESSION_USER, now(), null),
(991, 101, 5, 70, SESSION_USER, now(), SESSION_USER, now(), null),
(992, 101, 1, 240, SESSION_USER, now(), SESSION_USER, now(), null),
(993, 101, 4, 240, SESSION_USER, now(), SESSION_USER, now(), null),
(994, 102, 2, 103, SESSION_USER, now(), SESSION_USER, now(), null),
(995, 102, 1, 240, SESSION_USER, now(), SESSION_USER, now(), null),
(996, 103, 1, 213, SESSION_USER, now(), SESSION_USER, now(), null),
(997, 104, 1, 176, SESSION_USER, now(), SESSION_USER, now(), null),
(998, 105, 1, 240, SESSION_USER, now(), SESSION_USER, now(), null),
(999, 105, 3, 240, SESSION_USER, now(), SESSION_USER, now(), null),
(1000, 105, 4, 240, SESSION_USER, now(), SESSION_USER, now(), null),
(1001, 105, 2, 240, SESSION_USER, now(), SESSION_USER, now(), null),
(1002, 105, 5, 86, SESSION_USER, now(), SESSION_USER, now(), null),
(1003, 106, 1, 158, SESSION_USER, now(), SESSION_USER, now(), null),
(1004, 107, 4, 20, SESSION_USER, now(), SESSION_USER, now(), null),
(1005, 107, 1, 240, SESSION_USER, now(), SESSION_USER, now(), null),
(1006, 107, 2, 240, SESSION_USER, now(), SESSION_USER, now(), null),
(1007, 107, 3, 240, SESSION_USER, now(), SESSION_USER, now(), null),
(1008, 108, 2, 240, SESSION_USER, now(), SESSION_USER, now(), null),
(1009, 108, 4, 240, SESSION_USER, now(), SESSION_USER, now(), null),
(1010, 108, 5, 163, SESSION_USER, now(), SESSION_USER, now(), null),
(1011, 108, 1, 240, SESSION_USER, now(), SESSION_USER, now(), null),
(1012, 108, 3, 240, SESSION_USER, now(), SESSION_USER, now(), null),
(1013, 109, 1, 136, SESSION_USER, now(), SESSION_USER, now(), null),
(1014, 110, 1, 240, SESSION_USER, now(), SESSION_USER, now(), null),
(1015, 110, 3, 215, SESSION_USER, now(), SESSION_USER, now(), null),
(1016, 110, 2, 240, SESSION_USER, now(), SESSION_USER, now(), null),
(1017, 111, 5, 223, SESSION_USER, now(), SESSION_USER, now(), null),
(1018, 111, 3, 240, SESSION_USER, now(), SESSION_USER, now(), null),
(1019, 111, 2, 240, SESSION_USER, now(), SESSION_USER, now(), null),
(1020, 111, 4, 240, SESSION_USER, now(), SESSION_USER, now(), null),
(1021, 111, 1, 240, SESSION_USER, now(), SESSION_USER, now(), null),
(1022, 112, 1, 240, SESSION_USER, now(), SESSION_USER, now(), null),
(1023, 112, 3, 240, SESSION_USER, now(), SESSION_USER, now(), null),
(1024, 112, 2, 240, SESSION_USER, now(), SESSION_USER, now(), null),
(1025, 112, 4, 240, SESSION_USER, now(), SESSION_USER, now(), null),
(1026, 112, 5, 256, SESSION_USER, now(), SESSION_USER, now(), null),
(1027, 113, 1, 183, SESSION_USER, now(), SESSION_USER, now(), null),
(1028, 114, 1, 136, SESSION_USER, now(), SESSION_USER, now(), null),
(1029, 115, 1, 148, SESSION_USER, now(), SESSION_USER, now(), null),
(1030, 116, 1, 120, SESSION_USER, now(), SESSION_USER, now(), null),
(1031, 117, 1, 240, SESSION_USER, now(), SESSION_USER, now(), null),
(1032, 117, 2, 123, SESSION_USER, now(), SESSION_USER, now(), null),
(1033, 118, 1, 251, SESSION_USER, now(), SESSION_USER, now(), null),
(1034, 119, 2, 39, SESSION_USER, now(), SESSION_USER, now(), null),
(1035, 119, 1, 240, SESSION_USER, now(), SESSION_USER, now(), null),
(1036, 120, 1, 214, SESSION_USER, now(), SESSION_USER, now(), null),
(1037, 121, 1, 173, SESSION_USER, now(), SESSION_USER, now(), null),
(1038, 122, 1, 243, SESSION_USER, now(), SESSION_USER, now(), null),
(1039, 123, 2, 240, SESSION_USER, now(), SESSION_USER, now(), null),
(1040, 123, 4, 68, SESSION_USER, now(), SESSION_USER, now(), null),
(1041, 123, 1, 240, SESSION_USER, now(), SESSION_USER, now(), null),
(1042, 123, 3, 240, SESSION_USER, now(), SESSION_USER, now(), null),
(1043, 124, 1, 146, SESSION_USER, now(), SESSION_USER, now(), null),
(1044, 125, 3, 240, SESSION_USER, now(), SESSION_USER, now(), null),
(1045, 125, 4, 240, SESSION_USER, now(), SESSION_USER, now(), null),
(1046, 125, 5, 240, SESSION_USER, now(), SESSION_USER, now(), null),
(1047, 125, 6, 93, SESSION_USER, now(), SESSION_USER, now(), null),
(1048, 125, 2, 240, SESSION_USER, now(), SESSION_USER, now(), null),
(1049, 125, 1, 240, SESSION_USER, now(), SESSION_USER, now(), null),
(1050, 126, 1, 240, SESSION_USER, now(), SESSION_USER, now(), null),
(1051, 126, 2, 198, SESSION_USER, now(), SESSION_USER, now(), null),
(1052, 127, 1, 240, SESSION_USER, now(), SESSION_USER, now(), null),
(1053, 127, 2, 58, SESSION_USER, now(), SESSION_USER, now(), null),
(1054, 128, 1, 202, SESSION_USER, now(), SESSION_USER, now(), null),
(1055, 129, 1, 202, SESSION_USER, now(), SESSION_USER, now(), null),
(1056, 130, 1, 227, SESSION_USER, now(), SESSION_USER, now(), null),
(1057, 131, 1, 120, SESSION_USER, now(), SESSION_USER, now(), null),
(1058, 132, 1, 113, SESSION_USER, now(), SESSION_USER, now(), null),
(1059, 133, 1, 37, SESSION_USER, now(), SESSION_USER, now(), null),
(1060, 134, 2, 97, SESSION_USER, now(), SESSION_USER, now(), null),
(1061, 134, 1, 240, SESSION_USER, now(), SESSION_USER, now(), null),
(1062, 135, 1, 200, SESSION_USER, now(), SESSION_USER, now(), null),
(1063, 136, 1, 240, SESSION_USER, now(), SESSION_USER, now(), null),
(1064, 136, 2, 73, SESSION_USER, now(), SESSION_USER, now(), null),
(1065, 137, 1, 140, SESSION_USER, now(), SESSION_USER, now(), null),
(1066, 138, 1, 218, SESSION_USER, now(), SESSION_USER, now(), null),
(1067, 139, 1, 179, SESSION_USER, now(), SESSION_USER, now(), null),
(1068, 140, 1, 152, SESSION_USER, now(), SESSION_USER, now(), null),
(1069, 141, 1, 111, SESSION_USER, now(), SESSION_USER, now(), null),
(1070, 142, 1, 128, SESSION_USER, now(), SESSION_USER, now(), null),
(1071, 143, 1, 209, SESSION_USER, now(), SESSION_USER, now(), null),
(1072, 144, 1, 186, SESSION_USER, now(), SESSION_USER, now(), null),
(1073, 145, 1, 229, SESSION_USER, now(), SESSION_USER, now(), null),
(1074, 146, 1, 135, SESSION_USER, now(), SESSION_USER, now(), null),
(1075, 147, 1, 220, SESSION_USER, now(), SESSION_USER, now(), null),
(1076, 148, 1, 183, SESSION_USER, now(), SESSION_USER, now(), null),
(1077, 149, 1, 128, SESSION_USER, now(), SESSION_USER, now(), null),
(1078, 150, 1, 124, SESSION_USER, now(), SESSION_USER, now(), null),
(1079, 151, 1, 240, SESSION_USER, now(), SESSION_USER, now(), null),
(1080, 151, 6, 240, SESSION_USER, now(), SESSION_USER, now(), null),
(1081, 151, 8, 221, SESSION_USER, now(), SESSION_USER, now(), null),
(1082, 151, 7, 240, SESSION_USER, now(), SESSION_USER, now(), null),
(1083, 151, 3, 240, SESSION_USER, now(), SESSION_USER, now(), null),
(1084, 151, 2, 240, SESSION_USER, now(), SESSION_USER, now(), null),
(1085, 151, 4, 240, SESSION_USER, now(), SESSION_USER, now(), null),
(1086, 151, 5, 240, SESSION_USER, now(), SESSION_USER, now(), null),
(1087, 152, 1, 169, SESSION_USER, now(), SESSION_USER, now(), null),
(1088, 153, 1, 118, SESSION_USER, now(), SESSION_USER, now(), null),
(1089, 154, 2, 45, SESSION_USER, now(), SESSION_USER, now(), null),
(1090, 154, 1, 240, SESSION_USER, now(), SESSION_USER, now(), null),
(1091, 155, 1, 240, SESSION_USER, now(), SESSION_USER, now(), null),
(1092, 155, 2, 245, SESSION_USER, now(), SESSION_USER, now(), null),
(1093, 156, 2, 65, SESSION_USER, now(), SESSION_USER, now(), null),
(1094, 156, 1, 240, SESSION_USER, now(), SESSION_USER, now(), null),
(1095, 157, 1, 190, SESSION_USER, now(), SESSION_USER, now(), null),
(1096, 158, 1, 253, SESSION_USER, now(), SESSION_USER, now(), null),
(1097, 159, 1, 189, SESSION_USER, now(), SESSION_USER, now(), null),
(1098, 160, 2, 233, SESSION_USER, now(), SESSION_USER, now(), null),
(1099, 160, 1, 240, SESSION_USER, now(), SESSION_USER, now(), null),
(1100, 161, 1, 76, SESSION_USER, now(), SESSION_USER, now(), null),
(1101, 162, 3, 240, SESSION_USER, now(), SESSION_USER, now(), null),
(1102, 162, 1, 240, SESSION_USER, now(), SESSION_USER, now(), null),
(1103, 162, 2, 240, SESSION_USER, now(), SESSION_USER, now(), null),
(1104, 162, 4, 240, SESSION_USER, now(), SESSION_USER, now(), null),
(1105, 162, 5, 33, SESSION_USER, now(), SESSION_USER, now(), null),
(1106, 163, 3, 235, SESSION_USER, now(), SESSION_USER, now(), null),
(1107, 163, 2, 240, SESSION_USER, now(), SESSION_USER, now(), null),
(1108, 163, 1, 240, SESSION_USER, now(), SESSION_USER, now(), null),
(1109, 164, 1, 240, SESSION_USER, now(), SESSION_USER, now(), null),
(1110, 164, 4, 37, SESSION_USER, now(), SESSION_USER, now(), null),
(1111, 164, 2, 240, SESSION_USER, now(), SESSION_USER, now(), null),
(1112, 164, 3, 240, SESSION_USER, now(), SESSION_USER, now(), null),
(1113, 165, 2, 192, SESSION_USER, now(), SESSION_USER, now(), null),
(1114, 165, 1, 240, SESSION_USER, now(), SESSION_USER, now(), null),
(1115, 166, 2, 215, SESSION_USER, now(), SESSION_USER, now(), null),
(1116, 166, 1, 240, SESSION_USER, now(), SESSION_USER, now(), null),
(1117, 167, 1, 240, SESSION_USER, now(), SESSION_USER, now(), null),
(1118, 167, 2, 240, SESSION_USER, now(), SESSION_USER, now(), null),
(1119, 167, 3, 240, SESSION_USER, now(), SESSION_USER, now(), null),
(1120, 167, 4, 93, SESSION_USER, now(), SESSION_USER, now(), null),
(1121, 168, 1, 85, SESSION_USER, now(), SESSION_USER, now(), null),
(1122, 169, 1, 78, SESSION_USER, now(), SESSION_USER, now(), null),
(1123, 170, 1, 240, SESSION_USER, now(), SESSION_USER, now(), null),
(1124, 170, 2, 27, SESSION_USER, now(), SESSION_USER, now(), null),
(1125, 171, 1, 240, SESSION_USER, now(), SESSION_USER, now(), null),
(1126, 171, 2, 91, SESSION_USER, now(), SESSION_USER, now(), null),
(1127, 172, 2, 26, SESSION_USER, now(), SESSION_USER, now(), null),
(1128, 172, 1, 240, SESSION_USER, now(), SESSION_USER, now(), null),
(1129, 173, 1, 240, SESSION_USER, now(), SESSION_USER, now(), null),
(1130, 173, 2, 51, SESSION_USER, now(), SESSION_USER, now(), null),
(1131, 174, 2, 240, SESSION_USER, now(), SESSION_USER, now(), null),
(1132, 174, 3, 240, SESSION_USER, now(), SESSION_USER, now(), null),
(1133, 174, 7, 123, SESSION_USER, now(), SESSION_USER, now(), null),
(1134, 174, 1, 240, SESSION_USER, now(), SESSION_USER, now(), null),
(1135, 174, 4, 240, SESSION_USER, now(), SESSION_USER, now(), null),
(1136, 174, 5, 240, SESSION_USER, now(), SESSION_USER, now(), null),
(1137, 174, 6, 240, SESSION_USER, now(), SESSION_USER, now(), null),
(1138, 175, 2, 240, SESSION_USER, now(), SESSION_USER, now(), null),
(1139, 175, 6, 253, SESSION_USER, now(), SESSION_USER, now(), null),
(1140, 175, 4, 240, SESSION_USER, now(), SESSION_USER, now(), null),
(1141, 175, 1, 240, SESSION_USER, now(), SESSION_USER, now(), null),
(1142, 175, 3, 240, SESSION_USER, now(), SESSION_USER, now(), null),
(1143, 175, 5, 240, SESSION_USER, now(), SESSION_USER, now(), null),
(1144, 176, 1, 90, SESSION_USER, now(), SESSION_USER, now(), null),
(1145, 177, 1, 145, SESSION_USER, now(), SESSION_USER, now(), null),
(1146, 178, 1, 231, SESSION_USER, now(), SESSION_USER, now(), null),
(1147, 179, 1, 152, SESSION_USER, now(), SESSION_USER, now(), null),
(1148, 180, 3, 240, SESSION_USER, now(), SESSION_USER, now(), null),
(1149, 180, 2, 240, SESSION_USER, now(), SESSION_USER, now(), null),
(1150, 180, 5, 207, SESSION_USER, now(), SESSION_USER, now(), null),
(1151, 180, 4, 240, SESSION_USER, now(), SESSION_USER, now(), null),
(1152, 180, 1, 240, SESSION_USER, now(), SESSION_USER, now(), null),
(1153, 181, 2, 63, SESSION_USER, now(), SESSION_USER, now(), null),
(1154, 181, 1, 240, SESSION_USER, now(), SESSION_USER, now(), null),
(1155, 182, 4, 59, SESSION_USER, now(), SESSION_USER, now(), null),
(1156, 182, 3, 240, SESSION_USER, now(), SESSION_USER, now(), null),
(1157, 182, 2, 240, SESSION_USER, now(), SESSION_USER, now(), null),
(1158, 182, 1, 240, SESSION_USER, now(), SESSION_USER, now(), null),
(1159, 183, 2, 147, SESSION_USER, now(), SESSION_USER, now(), null),
(1160, 183, 1, 240, SESSION_USER, now(), SESSION_USER, now(), null),
(1161, 184, 1, 197, SESSION_USER, now(), SESSION_USER, now(), null),
(1162, 185, 1, 182, SESSION_USER, now(), SESSION_USER, now(), null),
(1163, 186, 1, 198, SESSION_USER, now(), SESSION_USER, now(), null),
(1164, 187, 1, 233, SESSION_USER, now(), SESSION_USER, now(), null),
(1165, 188, 2, 240, SESSION_USER, now(), SESSION_USER, now(), null),
(1166, 188, 4, 240, SESSION_USER, now(), SESSION_USER, now(), null),
(1167, 188, 7, 240, SESSION_USER, now(), SESSION_USER, now(), null),
(1168, 188, 10, 240, SESSION_USER, now(), SESSION_USER, now(), null),
(1169, 188, 1, 240, SESSION_USER, now(), SESSION_USER, now(), null),
(1170, 188, 3, 240, SESSION_USER, now(), SESSION_USER, now(), null),
(1171, 188, 6, 240, SESSION_USER, now(), SESSION_USER, now(), null),
(1172, 188, 8, 240, SESSION_USER, now(), SESSION_USER, now(), null),
(1173, 188, 11, 29, SESSION_USER, now(), SESSION_USER, now(), null),
(1174, 188, 5, 240, SESSION_USER, now(), SESSION_USER, now(), null),
(1175, 188, 9, 240, SESSION_USER, now(), SESSION_USER, now(), null),
(1176, 189, 1, 141, SESSION_USER, now(), SESSION_USER, now(), null),
(1177, 190, 1, 122, SESSION_USER, now(), SESSION_USER, now(), null),
(1178, 191, 1, 240, SESSION_USER, now(), SESSION_USER, now(), null),
(1179, 191, 2, 55, SESSION_USER, now(), SESSION_USER, now(), null),
(1180, 192, 1, 240, SESSION_USER, now(), SESSION_USER, now(), null),
(1181, 192, 2, 38, SESSION_USER, now(), SESSION_USER, now(), null),
(1182, 193, 1, 240, SESSION_USER, now(), SESSION_USER, now(), null),
(1183, 193, 2, 240, SESSION_USER, now(), SESSION_USER, now(), null),
(1184, 193, 3, 240, SESSION_USER, now(), SESSION_USER, now(), null),
(1185, 193, 4, 39, SESSION_USER, now(), SESSION_USER, now(), null),
(1186, 194, 1, 148, SESSION_USER, now(), SESSION_USER, now(), null),
(1187, 195, 1, 250, SESSION_USER, now(), SESSION_USER, now(), null),
(1188, 196, 2, 36, SESSION_USER, now(), SESSION_USER, now(), null),
(1189, 196, 1, 240, SESSION_USER, now(), SESSION_USER, now(), null),
(1190, 197, 1, 90, SESSION_USER, now(), SESSION_USER, now(), null),
(1191, 198, 1, 131, SESSION_USER, now(), SESSION_USER, now(), null),
(1192, 199, 2, 32, SESSION_USER, now(), SESSION_USER, now(), null),
(1193, 199, 1, 240, SESSION_USER, now(), SESSION_USER, now(), null),
(1194, 200, 2, 240, SESSION_USER, now(), SESSION_USER, now(), null),
(1195, 200, 3, 23, SESSION_USER, now(), SESSION_USER, now(), null),
(1196, 200, 1, 240, SESSION_USER, now(), SESSION_USER, now(), null),
(1197, 201, 1, 116, SESSION_USER, now(), SESSION_USER, now(), null),
(1198, 202, 2, 156, SESSION_USER, now(), SESSION_USER, now(), null),
(1199, 202, 1, 240, SESSION_USER, now(), SESSION_USER, now(), null),
(1200, 203, 1, 240, SESSION_USER, now(), SESSION_USER, now(), null),
(1201, 203, 2, 212, SESSION_USER, now(), SESSION_USER, now(), null),
(1202, 204, 1, 182, SESSION_USER, now(), SESSION_USER, now(), null),
(1203, 205, 1, 99, SESSION_USER, now(), SESSION_USER, now(), null),
(1204, 206, 7, 240, SESSION_USER, now(), SESSION_USER, now(), null),
(1205, 206, 10, 108, SESSION_USER, now(), SESSION_USER, now(), null),
(1206, 206, 3, 240, SESSION_USER, now(), SESSION_USER, now(), null),
(1207, 206, 8, 240, SESSION_USER, now(), SESSION_USER, now(), null),
(1208, 206, 4, 240, SESSION_USER, now(), SESSION_USER, now(), null),
(1209, 206, 1, 240, SESSION_USER, now(), SESSION_USER, now(), null),
(1210, 206, 6, 240, SESSION_USER, now(), SESSION_USER, now(), null),
(1211, 206, 2, 240, SESSION_USER, now(), SESSION_USER, now(), null),
(1212, 206, 5, 240, SESSION_USER, now(), SESSION_USER, now(), null),
(1213, 206, 9, 240, SESSION_USER, now(), SESSION_USER, now(), null),
(1214, 207, 1, 23, SESSION_USER, now(), SESSION_USER, now(), null),
(1215, 208, 9, 217, SESSION_USER, now(), SESSION_USER, now(), null),
(1216, 208, 2, 240, SESSION_USER, now(), SESSION_USER, now(), null),
(1217, 208, 1, 240, SESSION_USER, now(), SESSION_USER, now(), null),
(1218, 208, 3, 240, SESSION_USER, now(), SESSION_USER, now(), null),
(1219, 208, 4, 240, SESSION_USER, now(), SESSION_USER, now(), null),
(1220, 208, 5, 240, SESSION_USER, now(), SESSION_USER, now(), null),
(1221, 208, 8, 240, SESSION_USER, now(), SESSION_USER, now(), null),
(1222, 208, 6, 240, SESSION_USER, now(), SESSION_USER, now(), null),
(1223, 208, 7, 240, SESSION_USER, now(), SESSION_USER, now(), null),
(1224, 209, 1, 240, SESSION_USER, now(), SESSION_USER, now(), null),
(1225, 209, 2, 26, SESSION_USER, now(), SESSION_USER, now(), null),
(1226, 210, 1, 226, SESSION_USER, now(), SESSION_USER, now(), null),
(1227, 211, 1, 240, SESSION_USER, now(), SESSION_USER, now(), null),
(1228, 211, 2, 190, SESSION_USER, now(), SESSION_USER, now(), null),
(1229, 212, 2, 60, SESSION_USER, now(), SESSION_USER, now(), null),
(1230, 212, 1, 240, SESSION_USER, now(), SESSION_USER, now(), null),
(1231, 213, 1, 86, SESSION_USER, now(), SESSION_USER, now(), null),
(1232, 214, 1, 79, SESSION_USER, now(), SESSION_USER, now(), null),
(1233, 215, 1, 115, SESSION_USER, now(), SESSION_USER, now(), null),
(1234, 216, 1, 58, SESSION_USER, now(), SESSION_USER, now(), null),
(1235, 217, 1, 116, SESSION_USER, now(), SESSION_USER, now(), null),
(1236, 218, 7, 196, SESSION_USER, now(), SESSION_USER, now(), null),
(1237, 218, 3, 240, SESSION_USER, now(), SESSION_USER, now(), null),
(1238, 218, 6, 240, SESSION_USER, now(), SESSION_USER, now(), null),
(1239, 218, 2, 240, SESSION_USER, now(), SESSION_USER, now(), null),
(1240, 218, 5, 240, SESSION_USER, now(), SESSION_USER, now(), null),
(1241, 218, 1, 240, SESSION_USER, now(), SESSION_USER, now(), null),
(1242, 218, 4, 240, SESSION_USER, now(), SESSION_USER, now(), null),
(1243, 219, 2, 240, SESSION_USER, now(), SESSION_USER, now(), null),
(1244, 219, 1, 240, SESSION_USER, now(), SESSION_USER, now(), null),
(1245, 219, 3, 123, SESSION_USER, now(), SESSION_USER, now(), null),
(1246, 220, 1, 240, SESSION_USER, now(), SESSION_USER, now(), null),
(1247, 220, 2, 65, SESSION_USER, now(), SESSION_USER, now(), null),
(1248, 221, 1, 193, SESSION_USER, now(), SESSION_USER, now(), null),
(1249, 222, 1, 218, SESSION_USER, now(), SESSION_USER, now(), null),
(1250, 223, 1, 177, SESSION_USER, now(), SESSION_USER, now(), null),
(1251, 224, 1, 120, SESSION_USER, now(), SESSION_USER, now(), null),
(1252, 225, 1, 134, SESSION_USER, now(), SESSION_USER, now(), null),
(1253, 226, 2, 161, SESSION_USER, now(), SESSION_USER, now(), null),
(1254, 226, 1, 240, SESSION_USER, now(), SESSION_USER, now(), null),
(1255, 227, 1, 140, SESSION_USER, now(), SESSION_USER, now(), null),
(1256, 228, 4, 186, SESSION_USER, now(), SESSION_USER, now(), null),
(1257, 228, 3, 240, SESSION_USER, now(), SESSION_USER, now(), null),
(1258, 228, 1, 240, SESSION_USER, now(), SESSION_USER, now(), null),
(1259, 228, 2, 240, SESSION_USER, now(), SESSION_USER, now(), null),
(1260, 229, 1, 240, SESSION_USER, now(), SESSION_USER, now(), null),
(1261, 229, 3, 150, SESSION_USER, now(), SESSION_USER, now(), null),
(1262, 229, 2, 240, SESSION_USER, now(), SESSION_USER, now(), null),
(1263, 230, 2, 113, SESSION_USER, now(), SESSION_USER, now(), null),
(1264, 230, 1, 240, SESSION_USER, now(), SESSION_USER, now(), null),
(1265, 231, 1, 131, SESSION_USER, now(), SESSION_USER, now(), null),
(1266, 232, 1, 229, SESSION_USER, now(), SESSION_USER, now(), null),
(1267, 233, 1, 86, SESSION_USER, now(), SESSION_USER, now(), null),
(1268, 234, 1, 105, SESSION_USER, now(), SESSION_USER, now(), null),
(1269, 235, 1, 172, SESSION_USER, now(), SESSION_USER, now(), null),
(1270, 236, 1, 204, SESSION_USER, now(), SESSION_USER, now(), null),
(1271, 237, 1, 93, SESSION_USER, now(), SESSION_USER, now(), null),
(1272, 238, 1, 131, SESSION_USER, now(), SESSION_USER, now(), null),
(1273, 239, 5, 168, SESSION_USER, now(), SESSION_USER, now(), null),
(1274, 239, 2, 240, SESSION_USER, now(), SESSION_USER, now(), null),
(1275, 239, 4, 240, SESSION_USER, now(), SESSION_USER, now(), null),
(1276, 239, 1, 240, SESSION_USER, now(), SESSION_USER, now(), null),
(1277, 239, 3, 240, SESSION_USER, now(), SESSION_USER, now(), null),
(1278, 240, 2, 240, SESSION_USER, now(), SESSION_USER, now(), null),
(1279, 240, 1, 240, SESSION_USER, now(), SESSION_USER, now(), null),
(1280, 240, 3, 83, SESSION_USER, now(), SESSION_USER, now(), null),
(1281, 241, 2, 240, SESSION_USER, now(), SESSION_USER, now(), null),
(1282, 241, 5, 46, SESSION_USER, now(), SESSION_USER, now(), null),
(1283, 241, 3, 240, SESSION_USER, now(), SESSION_USER, now(), null),
(1284, 241, 1, 240, SESSION_USER, now(), SESSION_USER, now(), null),
(1285, 241, 4, 240, SESSION_USER, now(), SESSION_USER, now(), null),
(1286, 242, 2, 191, SESSION_USER, now(), SESSION_USER, now(), null),
(1287, 242, 1, 240, SESSION_USER, now(), SESSION_USER, now(), null),
(1288, 243, 1, 147, SESSION_USER, now(), SESSION_USER, now(), null),
(1289, 244, 2, 110, SESSION_USER, now(), SESSION_USER, now(), null),
(1290, 244, 1, 240, SESSION_USER, now(), SESSION_USER, now(), null),
(1291, 245, 1, 130, SESSION_USER, now(), SESSION_USER, now(), null),
(1292, 246, 1, 140, SESSION_USER, now(), SESSION_USER, now(), null),
(1293, 247, 4, 240, SESSION_USER, now(), SESSION_USER, now(), null),
(1294, 247, 8, 240, SESSION_USER, now(), SESSION_USER, now(), null),
(1295, 247, 11, 240, SESSION_USER, now(), SESSION_USER, now(), null),
(1296, 247, 1, 240, SESSION_USER, now(), SESSION_USER, now(), null),
(1297, 247, 6, 240, SESSION_USER, now(), SESSION_USER, now(), null),
(1298, 247, 12, 240, SESSION_USER, now(), SESSION_USER, now(), null),
(1299, 247, 13, 212, SESSION_USER, now(), SESSION_USER, now(), null),
(1300, 247, 2, 240, SESSION_USER, now(), SESSION_USER, now(), null),
(1301, 247, 5, 240, SESSION_USER, now(), SESSION_USER, now(), null),
(1302, 247, 3, 240, SESSION_USER, now(), SESSION_USER, now(), null),
(1303, 247, 7, 240, SESSION_USER, now(), SESSION_USER, now(), null),
(1304, 247, 9, 240, SESSION_USER, now(), SESSION_USER, now(), null),
(1305, 247, 10, 240, SESSION_USER, now(), SESSION_USER, now(), null),
(1306, 248, 3, 240, SESSION_USER, now(), SESSION_USER, now(), null),
(1307, 248, 1, 240, SESSION_USER, now(), SESSION_USER, now(), null),
(1308, 248, 5, 240, SESSION_USER, now(), SESSION_USER, now(), null),
(1309, 248, 7, 240, SESSION_USER, now(), SESSION_USER, now(), null),
(1310, 248, 9, 240, SESSION_USER, now(), SESSION_USER, now(), null),
(1311, 248, 6, 240, SESSION_USER, now(), SESSION_USER, now(), null),
(1312, 248, 10, 240, SESSION_USER, now(), SESSION_USER, now(), null),
(1313, 248, 4, 240, SESSION_USER, now(), SESSION_USER, now(), null),
(1314, 248, 2, 240, SESSION_USER, now(), SESSION_USER, now(), null),
(1315, 248, 12, 186, SESSION_USER, now(), SESSION_USER, now(), null),
(1316, 248, 8, 240, SESSION_USER, now(), SESSION_USER, now(), null),
(1317, 248, 11, 240, SESSION_USER, now(), SESSION_USER, now(), null),
(1318, 249, 5, 240, SESSION_USER, now(), SESSION_USER, now(), null),
(1319, 249, 6, 240, SESSION_USER, now(), SESSION_USER, now(), null),
(1320, 249, 2, 240, SESSION_USER, now(), SESSION_USER, now(), null),
(1321, 249, 4, 240, SESSION_USER, now(), SESSION_USER, now(), null),
(1322, 249, 7, 166, SESSION_USER, now(), SESSION_USER, now(), null),
(1323, 249, 1, 240, SESSION_USER, now(), SESSION_USER, now(), null),
(1324, 249, 3, 240, SESSION_USER, now(), SESSION_USER, now(), null),
(1325, 250, 3, 240, SESSION_USER, now(), SESSION_USER, now(), null),
(1326, 250, 4, 240, SESSION_USER, now(), SESSION_USER, now(), null),
(1327, 250, 1, 240, SESSION_USER, now(), SESSION_USER, now(), null),
(1328, 250, 2, 240, SESSION_USER, now(), SESSION_USER, now(), null),
(1329, 250, 5, 25, SESSION_USER, now(), SESSION_USER, now(), null),
(1330, 251, 1, 110, SESSION_USER, now(), SESSION_USER, now(), null),
(1331, 252, 1, 92, SESSION_USER, now(), SESSION_USER, now(), null),
(1332, 253, 1, 169, SESSION_USER, now(), SESSION_USER, now(), null),
(1333, 254, 1, 240, SESSION_USER, now(), SESSION_USER, now(), null),
(1334, 254, 2, 217, SESSION_USER, now(), SESSION_USER, now(), null),
(1335, 255, 3, 240, SESSION_USER, now(), SESSION_USER, now(), null),
(1336, 255, 6, 240, SESSION_USER, now(), SESSION_USER, now(), null),
(1337, 255, 8, 240, SESSION_USER, now(), SESSION_USER, now(), null),
(1338, 255, 10, 109, SESSION_USER, now(), SESSION_USER, now(), null),
(1339, 255, 4, 240, SESSION_USER, now(), SESSION_USER, now(), null),
(1340, 255, 5, 240, SESSION_USER, now(), SESSION_USER, now(), null),
(1341, 255, 9, 240, SESSION_USER, now(), SESSION_USER, now(), null),
(1342, 255, 1, 240, SESSION_USER, now(), SESSION_USER, now(), null),
(1343, 255, 7, 240, SESSION_USER, now(), SESSION_USER, now(), null),
(1344, 255, 2, 240, SESSION_USER, now(), SESSION_USER, now(), null),
(1345, 256, 1, 248, SESSION_USER, now(), SESSION_USER, now(), null),
(1346, 257, 1, 258, SESSION_USER, now(), SESSION_USER, now(), null),
(1347, 258, 1, 240, SESSION_USER, now(), SESSION_USER, now(), null),
(1348, 258, 2, 174, SESSION_USER, now(), SESSION_USER, now(), null),
(1349, 259, 1, 247, SESSION_USER, now(), SESSION_USER, now(), null),
(1350, 260, 2, 98, SESSION_USER, now(), SESSION_USER, now(), null),
(1351, 260, 1, 240, SESSION_USER, now(), SESSION_USER, now(), null),
(1352, 261, 1, 185, SESSION_USER, now(), SESSION_USER, now(), null),
(1353, 262, 1, 75, SESSION_USER, now(), SESSION_USER, now(), null),
(1354, 263, 1, 240, SESSION_USER, now(), SESSION_USER, now(), null),
(1355, 263, 3, 62, SESSION_USER, now(), SESSION_USER, now(), null),
(1356, 263, 2, 240, SESSION_USER, now(), SESSION_USER, now(), null),
(1357, 264, 2, 29, SESSION_USER, now(), SESSION_USER, now(), null),
(1358, 264, 1, 240, SESSION_USER, now(), SESSION_USER, now(), null),
(1359, 265, 1, 157, SESSION_USER, now(), SESSION_USER, now(), null),
(1360, 266, 1, 73, SESSION_USER, now(), SESSION_USER, now(), null),
(1361, 267, 1, 240, SESSION_USER, now(), SESSION_USER, now(), null),
(1362, 267, 2, 37, SESSION_USER, now(), SESSION_USER, now(), null),
(1363, 268, 1, 168, SESSION_USER, now(), SESSION_USER, now(), null),
(1364, 269, 1, 46, SESSION_USER, now(), SESSION_USER, now(), null),
(1365, 270, 1, 141, SESSION_USER, now(), SESSION_USER, now(), null),
(1366, 271, 1, 155, SESSION_USER, now(), SESSION_USER, now(), null),
(1367, 272, 1, 91, SESSION_USER, now(), SESSION_USER, now(), null),
(1368, 273, 2, 240, SESSION_USER, now(), SESSION_USER, now(), null),
(1369, 273, 5, 240, SESSION_USER, now(), SESSION_USER, now(), null),
(1370, 273, 3, 240, SESSION_USER, now(), SESSION_USER, now(), null),
(1371, 273, 4, 240, SESSION_USER, now(), SESSION_USER, now(), null),
(1372, 273, 7, 150, SESSION_USER, now(), SESSION_USER, now(), null),
(1373, 273, 1, 240, SESSION_USER, now(), SESSION_USER, now(), null),
(1374, 273, 6, 240, SESSION_USER, now(), SESSION_USER, now(), null),
(1375, 274, 1, 240, SESSION_USER, now(), SESSION_USER, now(), null),
(1376, 274, 2, 61, SESSION_USER, now(), SESSION_USER, now(), null),
(1377, 275, 1, 240, SESSION_USER, now(), SESSION_USER, now(), null),
(1378, 275, 2, 65, SESSION_USER, now(), SESSION_USER, now(), null),
(1379, 276, 2, 230, SESSION_USER, now(), SESSION_USER, now(), null),
(1380, 276, 1, 240, SESSION_USER, now(), SESSION_USER, now(), null),
(1381, 277, 1, 240, SESSION_USER, now(), SESSION_USER, now(), null),
(1382, 277, 2, 160, SESSION_USER, now(), SESSION_USER, now(), null),
(1383, 278, 1, 240, SESSION_USER, now(), SESSION_USER, now(), null),
(1384, 278, 2, 240, SESSION_USER, now(), SESSION_USER, now(), null),
(1385, 278, 3, 168, SESSION_USER, now(), SESSION_USER, now(), null),
(1386, 279, 2, 117, SESSION_USER, now(), SESSION_USER, now(), null),
(1387, 279, 1, 240, SESSION_USER, now(), SESSION_USER, now(), null),
(1388, 280, 1, 151, SESSION_USER, now(), SESSION_USER, now(), null),
(1389, 281, 1, 210, SESSION_USER, now(), SESSION_USER, now(), null),
(1390, 282, 7, 170, SESSION_USER, now(), SESSION_USER, now(), null),
(1391, 282, 1, 240, SESSION_USER, now(), SESSION_USER, now(), null),
(1392, 282, 6, 240, SESSION_USER, now(), SESSION_USER, now(), null),
(1393, 282, 3, 240, SESSION_USER, now(), SESSION_USER, now(), null),
(1394, 282, 4, 240, SESSION_USER, now(), SESSION_USER, now(), null),
(1395, 282, 2, 240, SESSION_USER, now(), SESSION_USER, now(), null),
(1396, 282, 5, 240, SESSION_USER, now(), SESSION_USER, now(), null),
(1397, 283, 7, 240, SESSION_USER, now(), SESSION_USER, now(), null),
(1398, 283, 4, 240, SESSION_USER, now(), SESSION_USER, now(), null),
(1399, 283, 1, 240, SESSION_USER, now(), SESSION_USER, now(), null),
(1400, 283, 2, 240, SESSION_USER, now(), SESSION_USER, now(), null),
(1401, 283, 5, 240, SESSION_USER, now(), SESSION_USER, now(), null),
(1402, 283, 8, 78, SESSION_USER, now(), SESSION_USER, now(), null),
(1403, 283, 3, 240, SESSION_USER, now(), SESSION_USER, now(), null),
(1404, 283, 6, 240, SESSION_USER, now(), SESSION_USER, now(), null),
(1405, 284, 1, 63, SESSION_USER, now(), SESSION_USER, now(), null),
(1406, 285, 2, 240, SESSION_USER, now(), SESSION_USER, now(), null),
(1407, 285, 3, 123, SESSION_USER, now(), SESSION_USER, now(), null),
(1408, 285, 1, 240, SESSION_USER, now(), SESSION_USER, now(), null),
(1409, 286, 2, 101, SESSION_USER, now(), SESSION_USER, now(), null),
(1410, 286, 1, 240, SESSION_USER, now(), SESSION_USER, now(), null),
(1411, 287, 2, 83, SESSION_USER, now(), SESSION_USER, now(), null),
(1412, 287, 1, 240, SESSION_USER, now(), SESSION_USER, now(), null),
(1413, 288, 1, 240, SESSION_USER, now(), SESSION_USER, now(), null),
(1414, 288, 2, 183, SESSION_USER, now(), SESSION_USER, now(), null),
(1415, 289, 2, 123, SESSION_USER, now(), SESSION_USER, now(), null),
(1416, 289, 1, 240, SESSION_USER, now(), SESSION_USER, now(), null),
(1417, 290, 2, 240, SESSION_USER, now(), SESSION_USER, now(), null),
(1418, 290, 1, 240, SESSION_USER, now(), SESSION_USER, now(), null),
(1419, 290, 3, 76, SESSION_USER, now(), SESSION_USER, now(), null),
(1420, 291, 1, 178, SESSION_USER, now(), SESSION_USER, now(), null),
(1421, 292, 2, 67, SESSION_USER, now(), SESSION_USER, now(), null),
(1422, 292, 1, 240, SESSION_USER, now(), SESSION_USER, now(), null),
(1423, 293, 1, 125, SESSION_USER, now(), SESSION_USER, now(), null),
(1424, 294, 1, 226, SESSION_USER, now(), SESSION_USER, now(), null),
(1425, 295, 1, 187, SESSION_USER, now(), SESSION_USER, now(), null),
(1426, 296, 1, 223, SESSION_USER, now(), SESSION_USER, now(), null),
(1427, 297, 1, 201, SESSION_USER, now(), SESSION_USER, now(), null),
(1428, 298, 1, 103, SESSION_USER, now(), SESSION_USER, now(), null),
(1429, 299, 1, 97, SESSION_USER, now(), SESSION_USER, now(), null),
(1430, 300, 1, 56, SESSION_USER, now(), SESSION_USER, now(), null),
(1431, 301, 1, 191, SESSION_USER, now(), SESSION_USER, now(), null),
(1432, 302, 4, 52, SESSION_USER, now(), SESSION_USER, now(), null),
(1433, 302, 3, 240, SESSION_USER, now(), SESSION_USER, now(), null),
(1434, 302, 2, 240, SESSION_USER, now(), SESSION_USER, now(), null),
(1435, 302, 1, 240, SESSION_USER, now(), SESSION_USER, now(), null),
(1436, 303, 6, 132, SESSION_USER, now(), SESSION_USER, now(), null),
(1437, 303, 4, 240, SESSION_USER, now(), SESSION_USER, now(), null),
(1438, 303, 5, 240, SESSION_USER, now(), SESSION_USER, now(), null),
(1439, 303, 2, 240, SESSION_USER, now(), SESSION_USER, now(), null),
(1440, 303, 1, 240, SESSION_USER, now(), SESSION_USER, now(), null),
(1441, 303, 3, 240, SESSION_USER, now(), SESSION_USER, now(), null),
(1442, 304, 1, 240, SESSION_USER, now(), SESSION_USER, now(), null),
(1443, 304, 2, 155, SESSION_USER, now(), SESSION_USER, now(), null),
(1444, 305, 1, 240, SESSION_USER, now(), SESSION_USER, now(), null),
(1445, 305, 2, 181, SESSION_USER, now(), SESSION_USER, now(), null),
(1446, 306, 2, 240, SESSION_USER, now(), SESSION_USER, now(), null),
(1447, 306, 3, 53, SESSION_USER, now(), SESSION_USER, now(), null),
(1448, 306, 1, 240, SESSION_USER, now(), SESSION_USER, now(), null),
(1449, 307, 1, 238, SESSION_USER, now(), SESSION_USER, now(), null),
(1450, 308, 1, 166, SESSION_USER, now(), SESSION_USER, now(), null),
(1451, 309, 1, 240, SESSION_USER, now(), SESSION_USER, now(), null),
(1452, 309, 2, 123, SESSION_USER, now(), SESSION_USER, now(), null),
(1453, 310, 1, 134, SESSION_USER, now(), SESSION_USER, now(), null),
(1454, 311, 9, 240, SESSION_USER, now(), SESSION_USER, now(), null),
(1455, 311, 11, 80, SESSION_USER, now(), SESSION_USER, now(), null),
(1456, 311, 10, 240, SESSION_USER, now(), SESSION_USER, now(), null),
(1457, 311, 7, 240, SESSION_USER, now(), SESSION_USER, now(), null),
(1458, 311, 6, 240, SESSION_USER, now(), SESSION_USER, now(), null),
(1459, 311, 5, 240, SESSION_USER, now(), SESSION_USER, now(), null),
(1460, 311, 1, 240, SESSION_USER, now(), SESSION_USER, now(), null),
(1461, 311, 3, 240, SESSION_USER, now(), SESSION_USER, now(), null),
(1462, 311, 2, 240, SESSION_USER, now(), SESSION_USER, now(), null),
(1463, 311, 4, 240, SESSION_USER, now(), SESSION_USER, now(), null),
(1464, 311, 8, 240, SESSION_USER, now(), SESSION_USER, now(), null),
(1465, 312, 11, 240, SESSION_USER, now(), SESSION_USER, now(), null),
(1466, 312, 12, 240, SESSION_USER, now(), SESSION_USER, now(), null),
(1467, 312, 9, 240, SESSION_USER, now(), SESSION_USER, now(), null),
(1468, 312, 8, 240, SESSION_USER, now(), SESSION_USER, now(), null),
(1469, 312, 2, 240, SESSION_USER, now(), SESSION_USER, now(), null),
(1470, 312, 13, 119, SESSION_USER, now(), SESSION_USER, now(), null),
(1471, 312, 1, 240, SESSION_USER, now(), SESSION_USER, now(), null),
(1472, 312, 3, 240, SESSION_USER, now(), SESSION_USER, now(), null),
(1473, 312, 7, 240, SESSION_USER, now(), SESSION_USER, now(), null),
(1474, 312, 10, 240, SESSION_USER, now(), SESSION_USER, now(), null),
(1475, 312, 6, 240, SESSION_USER, now(), SESSION_USER, now(), null),
(1476, 312, 4, 240, SESSION_USER, now(), SESSION_USER, now(), null),
(1477, 312, 5, 240, SESSION_USER, now(), SESSION_USER, now(), null),
(1478, 313, 1, 44, SESSION_USER, now(), SESSION_USER, now(), null),
(1479, 314, 2, 64, SESSION_USER, now(), SESSION_USER, now(), null),
(1480, 314, 1, 240, SESSION_USER, now(), SESSION_USER, now(), null),
(1481, 315, 1, 240, SESSION_USER, now(), SESSION_USER, now(), null),
(1482, 315, 3, 102, SESSION_USER, now(), SESSION_USER, now(), null),
(1483, 315, 2, 240, SESSION_USER, now(), SESSION_USER, now(), null),
(1484, 316, 1, 251, SESSION_USER, now(), SESSION_USER, now(), null),
(1485, 317, 1, 207, SESSION_USER, now(), SESSION_USER, now(), null),
(1486, 318, 1, 199, SESSION_USER, now(), SESSION_USER, now(), null),
(1487, 319, 1, 253, SESSION_USER, now(), SESSION_USER, now(), null),
(1488, 320, 1, 195, SESSION_USER, now(), SESSION_USER, now(), null),
(1489, 321, 1, 30, SESSION_USER, now(), SESSION_USER, now(), null),
(1490, 322, 1, 120, SESSION_USER, now(), SESSION_USER, now(), null),
(1491, 323, 1, 119, SESSION_USER, now(), SESSION_USER, now(), null),
(1492, 324, 1, 72, SESSION_USER, now(), SESSION_USER, now(), null),
(1493, 325, 1, 141, SESSION_USER, now(), SESSION_USER, now(), null),
(1494, 326, 1, 231, SESSION_USER, now(), SESSION_USER, now(), null),
(1495, 327, 1, 124, SESSION_USER, now(), SESSION_USER, now(), null),
(1496, 328, 1, 89, SESSION_USER, now(), SESSION_USER, now(), null),
(1497, 329, 2, 213, SESSION_USER, now(), SESSION_USER, now(), null),
(1498, 329, 1, 240, SESSION_USER, now(), SESSION_USER, now(), null),
(1499, 330, 5, 240, SESSION_USER, now(), SESSION_USER, now(), null),
(1500, 330, 4, 240, SESSION_USER, now(), SESSION_USER, now(), null),
(1501, 330, 1, 240, SESSION_USER, now(), SESSION_USER, now(), null),
(1502, 330, 2, 240, SESSION_USER, now(), SESSION_USER, now(), null),
(1503, 330, 6, 240, SESSION_USER, now(), SESSION_USER, now(), null),
(1504, 330, 3, 240, SESSION_USER, now(), SESSION_USER, now(), null),
(1505, 330, 7, 25, SESSION_USER, now(), SESSION_USER, now(), null),
(1506, 331, 1, 240, SESSION_USER, now(), SESSION_USER, now(), null),
(1507, 331, 4, 240, SESSION_USER, now(), SESSION_USER, now(), null),
(1508, 331, 2, 240, SESSION_USER, now(), SESSION_USER, now(), null),
(1509, 331, 5, 147, SESSION_USER, now(), SESSION_USER, now(), null),
(1510, 331, 3, 240, SESSION_USER, now(), SESSION_USER, now(), null),
(1511, 332, 1, 240, SESSION_USER, now(), SESSION_USER, now(), null),
(1512, 332, 2, 240, SESSION_USER, now(), SESSION_USER, now(), null),
(1513, 332, 3, 240, SESSION_USER, now(), SESSION_USER, now(), null),
(1514, 332, 4, 61, SESSION_USER, now(), SESSION_USER, now(), null),
(1515, 333, 1, 240, SESSION_USER, now(), SESSION_USER, now(), null),
(1516, 333, 2, 240, SESSION_USER, now(), SESSION_USER, now(), null),
(1517, 333, 3, 154, SESSION_USER, now(), SESSION_USER, now(), null),
(1518, 334, 4, 240, SESSION_USER, now(), SESSION_USER, now(), null),
(1519, 334, 3, 240, SESSION_USER, now(), SESSION_USER, now(), null),
(1520, 334, 2, 240, SESSION_USER, now(), SESSION_USER, now(), null),
(1521, 334, 5, 27, SESSION_USER, now(), SESSION_USER, now(), null),
(1522, 334, 1, 240, SESSION_USER, now(), SESSION_USER, now(), null),
(1523, 335, 1, 240, SESSION_USER, now(), SESSION_USER, now(), null),
(1524, 335, 2, 100, SESSION_USER, now(), SESSION_USER, now(), null),
(1525, 336, 1, 247, SESSION_USER, now(), SESSION_USER, now(), null),
(1526, 337, 1, 240, SESSION_USER, now(), SESSION_USER, now(), null),
(1527, 337, 2, 187, SESSION_USER, now(), SESSION_USER, now(), null),
(1528, 338, 1, 240, SESSION_USER, now(), SESSION_USER, now(), null),
(1529, 338, 2, 108, SESSION_USER, now(), SESSION_USER, now(), null),
(1530, 339, 1, 237, SESSION_USER, now(), SESSION_USER, now(), null),
(1531, 340, 1, 143, SESSION_USER, now(), SESSION_USER, now(), null),
(1532, 341, 1, 106, SESSION_USER, now(), SESSION_USER, now(), null),
(1533, 342, 1, 240, SESSION_USER, now(), SESSION_USER, now(), null),
(1534, 342, 3, 142, SESSION_USER, now(), SESSION_USER, now(), null),
(1535, 342, 2, 240, SESSION_USER, now(), SESSION_USER, now(), null),
(1536, 343, 4, 240, SESSION_USER, now(), SESSION_USER, now(), null),
(1537, 343, 1, 240, SESSION_USER, now(), SESSION_USER, now(), null),
(1538, 343, 6, 150, SESSION_USER, now(), SESSION_USER, now(), null),
(1539, 343, 3, 240, SESSION_USER, now(), SESSION_USER, now(), null),
(1540, 343, 2, 240, SESSION_USER, now(), SESSION_USER, now(), null),
(1541, 343, 5, 240, SESSION_USER, now(), SESSION_USER, now(), null),
(1542, 344, 1, 246, SESSION_USER, now(), SESSION_USER, now(), null),
(1543, 345, 1, 147, SESSION_USER, now(), SESSION_USER, now(), null),
(1544, 346, 2, 73, SESSION_USER, now(), SESSION_USER, now(), null),
(1545, 346, 1, 240, SESSION_USER, now(), SESSION_USER, now(), null),
(1546, 347, 1, 240, SESSION_USER, now(), SESSION_USER, now(), null),
(1547, 347, 2, 122, SESSION_USER, now(), SESSION_USER, now(), null),
(1548, 348, 2, 167, SESSION_USER, now(), SESSION_USER, now(), null),
(1549, 348, 1, 240, SESSION_USER, now(), SESSION_USER, now(), null),
(1550, 349, 1, 240, SESSION_USER, now(), SESSION_USER, now(), null),
(1551, 349, 2, 90, SESSION_USER, now(), SESSION_USER, now(), null),
(1552, 350, 1, 240, SESSION_USER, now(), SESSION_USER, now(), null),
(1553, 350, 2, 37, SESSION_USER, now(), SESSION_USER, now(), null),
(1554, 351, 1, 240, SESSION_USER, now(), SESSION_USER, now(), null),
(1555, 351, 2, 139, SESSION_USER, now(), SESSION_USER, now(), null),
(1556, 352, 1, 113, SESSION_USER, now(), SESSION_USER, now(), null),
(1557, 353, 1, 173, SESSION_USER, now(), SESSION_USER, now(), null),
(1558, 354, 1, 240, SESSION_USER, now(), SESSION_USER, now(), null),
(1559, 354, 2, 35, SESSION_USER, now(), SESSION_USER, now(), null),
(1560, 355, 2, 240, SESSION_USER, now(), SESSION_USER, now(), null),
(1561, 355, 3, 64, SESSION_USER, now(), SESSION_USER, now(), null),
(1562, 355, 1, 240, SESSION_USER, now(), SESSION_USER, now(), null),
(1563, 356, 1, 147, SESSION_USER, now(), SESSION_USER, now(), null),
(1564, 357, 1, 131, SESSION_USER, now(), SESSION_USER, now(), null),
(1565, 358, 1, 178, SESSION_USER, now(), SESSION_USER, now(), null),
(1566, 359, 1, 120, SESSION_USER, now(), SESSION_USER, now(), null),
(1567, 360, 1, 213, SESSION_USER, now(), SESSION_USER, now(), null),
(1568, 361, 1, 138, SESSION_USER, now(), SESSION_USER, now(), null),
(1569, 362, 1, 95, SESSION_USER, now(), SESSION_USER, now(), null),
(1570, 363, 1, 119, SESSION_USER, now(), SESSION_USER, now(), null),
(1571, 364, 1, 77, SESSION_USER, now(), SESSION_USER, now(), null),
(1572, 365, 1, 99, SESSION_USER, now(), SESSION_USER, now(), null),
(1573, 366, 8, 130, SESSION_USER, now(), SESSION_USER, now(), null),
(1574, 366, 1, 240, SESSION_USER, now(), SESSION_USER, now(), null),
(1575, 366, 3, 240, SESSION_USER, now(), SESSION_USER, now(), null),
(1576, 366, 7, 240, SESSION_USER, now(), SESSION_USER, now(), null),
(1577, 366, 2, 240, SESSION_USER, now(), SESSION_USER, now(), null),
(1578, 366, 4, 240, SESSION_USER, now(), SESSION_USER, now(), null),
(1579, 366, 5, 240, SESSION_USER, now(), SESSION_USER, now(), null),
(1580, 366, 6, 240, SESSION_USER, now(), SESSION_USER, now(), null),
(1581, 367, 1, 50, SESSION_USER, now(), SESSION_USER, now(), null),
(1582, 368, 1, 223, SESSION_USER, now(), SESSION_USER, now(), null),
(1583, 369, 2, 65, SESSION_USER, now(), SESSION_USER, now(), null),
(1584, 369, 1, 240, SESSION_USER, now(), SESSION_USER, now(), null),
(1585, 370, 1, 240, SESSION_USER, now(), SESSION_USER, now(), null),
(1586, 370, 2, 254, SESSION_USER, now(), SESSION_USER, now(), null),
(1587, 371, 1, 240, SESSION_USER, now(), SESSION_USER, now(), null),
(1588, 371, 2, 227, SESSION_USER, now(), SESSION_USER, now(), null),
(1589, 372, 2, 30, SESSION_USER, now(), SESSION_USER, now(), null),
(1590, 372, 1, 240, SESSION_USER, now(), SESSION_USER, now(), null),
(1591, 373, 1, 240, SESSION_USER, now(), SESSION_USER, now(), null),
(1592, 373, 2, 27, SESSION_USER, now(), SESSION_USER, now(), null),
(1593, 374, 2, 91, SESSION_USER, now(), SESSION_USER, now(), null),
(1594, 374, 1, 240, SESSION_USER, now(), SESSION_USER, now(), null),
(1595, 375, 1, 106, SESSION_USER, now(), SESSION_USER, now(), null),
(1596, 376, 1, 150, SESSION_USER, now(), SESSION_USER, now(), null),
(1597, 377, 1, 126, SESSION_USER, now(), SESSION_USER, now(), null),
(1598, 378, 5, 240, SESSION_USER, now(), SESSION_USER, now(), null),
(1599, 378, 4, 240, SESSION_USER, now(), SESSION_USER, now(), null),
(1600, 378, 8, 240, SESSION_USER, now(), SESSION_USER, now(), null),
(1601, 378, 11, 209, SESSION_USER, now(), SESSION_USER, now(), null),
(1602, 378, 9, 240, SESSION_USER, now(), SESSION_USER, now(), null),
(1603, 378, 1, 240, SESSION_USER, now(), SESSION_USER, now(), null),
(1604, 378, 3, 240, SESSION_USER, now(), SESSION_USER, now(), null),
(1605, 378, 7, 240, SESSION_USER, now(), SESSION_USER, now(), null),
(1606, 378, 10, 240, SESSION_USER, now(), SESSION_USER, now(), null),
(1607, 378, 2, 240, SESSION_USER, now(), SESSION_USER, now(), null),
(1608, 378, 6, 240, SESSION_USER, now(), SESSION_USER, now(), null),
(1609, 379, 4, 240, SESSION_USER, now(), SESSION_USER, now(), null),
(1610, 379, 5, 112, SESSION_USER, now(), SESSION_USER, now(), null),
(1611, 379, 1, 240, SESSION_USER, now(), SESSION_USER, now(), null),
(1612, 379, 3, 240, SESSION_USER, now(), SESSION_USER, now(), null),
(1613, 379, 2, 240, SESSION_USER, now(), SESSION_USER, now(), null),
(1614, 380, 2, 240, SESSION_USER, now(), SESSION_USER, now(), null),
(1615, 380, 4, 123, SESSION_USER, now(), SESSION_USER, now(), null),
(1616, 380, 1, 240, SESSION_USER, now(), SESSION_USER, now(), null),
(1617, 380, 3, 240, SESSION_USER, now(), SESSION_USER, now(), null),
(1618, 381, 1, 240, SESSION_USER, now(), SESSION_USER, now(), null),
(1619, 381, 2, 142, SESSION_USER, now(), SESSION_USER, now(), null),
(1620, 382, 2, 49, SESSION_USER, now(), SESSION_USER, now(), null),
(1621, 382, 1, 240, SESSION_USER, now(), SESSION_USER, now(), null),
(1622, 383, 2, 149, SESSION_USER, now(), SESSION_USER, now(), null),
(1623, 383, 1, 240, SESSION_USER, now(), SESSION_USER, now(), null),
(1624, 384, 1, 93, SESSION_USER, now(), SESSION_USER, now(), null),
(1625, 385, 2, 174, SESSION_USER, now(), SESSION_USER, now(), null),
(1626, 385, 1, 240, SESSION_USER, now(), SESSION_USER, now(), null),
(1627, 386, 1, 167, SESSION_USER, now(), SESSION_USER, now(), null),
(1628, 387, 2, 240, SESSION_USER, now(), SESSION_USER, now(), null),
(1629, 387, 7, 240, SESSION_USER, now(), SESSION_USER, now(), null),
(1630, 387, 6, 240, SESSION_USER, now(), SESSION_USER, now(), null),
(1631, 387, 4, 240, SESSION_USER, now(), SESSION_USER, now(), null),
(1632, 387, 10, 240, SESSION_USER, now(), SESSION_USER, now(), null),
(1633, 387, 12, 240, SESSION_USER, now(), SESSION_USER, now(), null),
(1634, 387, 5, 240, SESSION_USER, now(), SESSION_USER, now(), null),
(1635, 387, 9, 240, SESSION_USER, now(), SESSION_USER, now(), null),
(1636, 387, 3, 240, SESSION_USER, now(), SESSION_USER, now(), null),
(1637, 387, 11, 240, SESSION_USER, now(), SESSION_USER, now(), null),
(1638, 387, 1, 240, SESSION_USER, now(), SESSION_USER, now(), null),
(1639, 387, 8, 240, SESSION_USER, now(), SESSION_USER, now(), null),
(1640, 387, 13, 186, SESSION_USER, now(), SESSION_USER, now(), null),
(1641, 388, 1, 240, SESSION_USER, now(), SESSION_USER, now(), null),
(1642, 388, 3, 45, SESSION_USER, now(), SESSION_USER, now(), null),
(1643, 388, 2, 240, SESSION_USER, now(), SESSION_USER, now(), null),
(1644, 389, 1, 113, SESSION_USER, now(), SESSION_USER, now(), null),
(1645, 390, 1, 83, SESSION_USER, now(), SESSION_USER, now(), null),
(1646, 391, 1, 109, SESSION_USER, now(), SESSION_USER, now(), null),
(1647, 392, 2, 62, SESSION_USER, now(), SESSION_USER, now(), null),
(1648, 392, 1, 240, SESSION_USER, now(), SESSION_USER, now(), null),
(1649, 393, 3, 31, SESSION_USER, now(), SESSION_USER, now(), null),
(1650, 393, 2, 240, SESSION_USER, now(), SESSION_USER, now(), null),
(1651, 393, 1, 240, SESSION_USER, now(), SESSION_USER, now(), null),
(1652, 394, 1, 189, SESSION_USER, now(), SESSION_USER, now(), null),
(1653, 395, 1, 237, SESSION_USER, now(), SESSION_USER, now(), null),
(1654, 396, 1, 173, SESSION_USER, now(), SESSION_USER, now(), null),
(1655, 397, 1, 144, SESSION_USER, now(), SESSION_USER, now(), null),
(1656, 398, 1, 116, SESSION_USER, now(), SESSION_USER, now(), null),
(1657, 399, 1, 146, SESSION_USER, now(), SESSION_USER, now(), null),
(1658, 400, 1, 240, SESSION_USER, now(), SESSION_USER, now(), null),
(1659, 400, 3, 240, SESSION_USER, now(), SESSION_USER, now(), null),
(1660, 400, 2, 240, SESSION_USER, now(), SESSION_USER, now(), null),
(1661, 400, 4, 240, SESSION_USER, now(), SESSION_USER, now(), null),
(1662, 400, 5, 138, SESSION_USER, now(), SESSION_USER, now(), null),
(1663, 401, 1, 125, SESSION_USER, now(), SESSION_USER, now(), null),
(1664, 402, 1, 71, SESSION_USER, now(), SESSION_USER, now(), null),
(1665, 403, 1, 115, SESSION_USER, now(), SESSION_USER, now(), null),
(1666, 404, 1, 126, SESSION_USER, now(), SESSION_USER, now(), null),
(1667, 405, 1, 90, SESSION_USER, now(), SESSION_USER, now(), null),
(1668, 406, 4, 240, SESSION_USER, now(), SESSION_USER, now(), null),
(1669, 406, 7, 240, SESSION_USER, now(), SESSION_USER, now(), null),
(1670, 406, 9, 240, SESSION_USER, now(), SESSION_USER, now(), null),
(1671, 406, 8, 240, SESSION_USER, now(), SESSION_USER, now(), null),
(1672, 406, 2, 240, SESSION_USER, now(), SESSION_USER, now(), null),
(1673, 406, 5, 240, SESSION_USER, now(), SESSION_USER, now(), null),
(1674, 406, 1, 240, SESSION_USER, now(), SESSION_USER, now(), null),
(1675, 406, 6, 240, SESSION_USER, now(), SESSION_USER, now(), null),
(1676, 406, 3, 240, SESSION_USER, now(), SESSION_USER, now(), null),
(1677, 406, 11, 231, SESSION_USER, now(), SESSION_USER, now(), null),
(1678, 406, 10, 240, SESSION_USER, now(), SESSION_USER, now(), null),
(1679, 407, 1, 240, SESSION_USER, now(), SESSION_USER, now(), null),
(1680, 407, 4, 240, SESSION_USER, now(), SESSION_USER, now(), null),
(1681, 407, 5, 124, SESSION_USER, now(), SESSION_USER, now(), null),
(1682, 407, 2, 240, SESSION_USER, now(), SESSION_USER, now(), null),
(1683, 407, 3, 240, SESSION_USER, now(), SESSION_USER, now(), null),
(1684, 408, 2, 240, SESSION_USER, now(), SESSION_USER, now(), null),
(1685, 408, 1, 240, SESSION_USER, now(), SESSION_USER, now(), null),
(1686, 408, 3, 90, SESSION_USER, now(), SESSION_USER, now(), null),
(1687, 409, 1, 240, SESSION_USER, now(), SESSION_USER, now(), null),
(1688, 409, 3, 139, SESSION_USER, now(), SESSION_USER, now(), null),
(1689, 409, 2, 240, SESSION_USER, now(), SESSION_USER, now(), null),
(1690, 410, 1, 106, SESSION_USER, now(), SESSION_USER, now(), null),
(1691, 411, 1, 100, SESSION_USER, now(), SESSION_USER, now(), null),
(1692, 412, 1, 203, SESSION_USER, now(), SESSION_USER, now(), null),
(1693, 413, 1, 240, SESSION_USER, now(), SESSION_USER, now(), null),
(1694, 413, 2, 61, SESSION_USER, now(), SESSION_USER, now(), null),
(1695, 414, 1, 214, SESSION_USER, now(), SESSION_USER, now(), null),
(1696, 415, 1, 132, SESSION_USER, now(), SESSION_USER, now(), null),
(1697, 416, 3, 112, SESSION_USER, now(), SESSION_USER, now(), null),
(1698, 416, 2, 240, SESSION_USER, now(), SESSION_USER, now(), null),
(1699, 416, 1, 240, SESSION_USER, now(), SESSION_USER, now(), null),
(1700, 417, 1, 240, SESSION_USER, now(), SESSION_USER, now(), null),
(1701, 417, 2, 55, SESSION_USER, now(), SESSION_USER, now(), null),
(1702, 418, 1, 169, SESSION_USER, now(), SESSION_USER, now(), null),
(1703, 419, 1, 68, SESSION_USER, now(), SESSION_USER, now(), null),
(1704, 420, 1, 156, SESSION_USER, now(), SESSION_USER, now(), null),
(1705, 421, 1, 87, SESSION_USER, now(), SESSION_USER, now(), null),
(1706, 422, 1, 199, SESSION_USER, now(), SESSION_USER, now(), null),
(1707, 423, 1, 88, SESSION_USER, now(), SESSION_USER, now(), null),
(1708, 424, 1, 104, SESSION_USER, now(), SESSION_USER, now(), null),
(1709, 425, 1, 61, SESSION_USER, now(), SESSION_USER, now(), null),
(1710, 426, 1, 89, SESSION_USER, now(), SESSION_USER, now(), null),
(1711, 427, 3, 22, SESSION_USER, now(), SESSION_USER, now(), null),
(1712, 427, 2, 240, SESSION_USER, now(), SESSION_USER, now(), null),
(1713, 427, 1, 240, SESSION_USER, now(), SESSION_USER, now(), null),
(1714, 428, 1, 192, SESSION_USER, now(), SESSION_USER, now(), null),
(1715, 429, 1, 90, SESSION_USER, now(), SESSION_USER, now(), null),
(1716, 430, 1, 47, SESSION_USER, now(), SESSION_USER, now(), null),
(1717, 431, 1, 142, SESSION_USER, now(), SESSION_USER, now(), null),
(1718, 432, 1, 127, SESSION_USER, now(), SESSION_USER, now(), null),
(1719, 433, 1, 241, SESSION_USER, now(), SESSION_USER, now(), null),
(1720, 434, 1, 126, SESSION_USER, now(), SESSION_USER, now(), null),
(1721, 435, 1, 199, SESSION_USER, now(), SESSION_USER, now(), null),
(1722, 436, 1, 34, SESSION_USER, now(), SESSION_USER, now(), null),
(1723, 437, 3, 240, SESSION_USER, now(), SESSION_USER, now(), null),
(1724, 437, 7, 240, SESSION_USER, now(), SESSION_USER, now(), null),
(1725, 437, 9, 240, SESSION_USER, now(), SESSION_USER, now(), null),
(1726, 437, 1, 240, SESSION_USER, now(), SESSION_USER, now(), null),
(1727, 437, 6, 240, SESSION_USER, now(), SESSION_USER, now(), null),
(1728, 437, 10, 240, SESSION_USER, now(), SESSION_USER, now(), null),
(1729, 437, 13, 180, SESSION_USER, now(), SESSION_USER, now(), null),
(1730, 437, 4, 240, SESSION_USER, now(), SESSION_USER, now(), null),
(1731, 437, 8, 240, SESSION_USER, now(), SESSION_USER, now(), null),
(1732, 437, 11, 240, SESSION_USER, now(), SESSION_USER, now(), null),
(1733, 437, 12, 240, SESSION_USER, now(), SESSION_USER, now(), null),
(1734, 437, 2, 240, SESSION_USER, now(), SESSION_USER, now(), null),
(1735, 437, 5, 240, SESSION_USER, now(), SESSION_USER, now(), null),
(1736, 438, 1, 240, SESSION_USER, now(), SESSION_USER, now(), null),
(1737, 438, 2, 99, SESSION_USER, now(), SESSION_USER, now(), null),
(1738, 439, 1, 240, SESSION_USER, now(), SESSION_USER, now(), null),
(1739, 439, 2, 40, SESSION_USER, now(), SESSION_USER, now(), null),
(1740, 440, 1, 85, SESSION_USER, now(), SESSION_USER, now(), null),
(1741, 441, 1, 120, SESSION_USER, now(), SESSION_USER, now(), null),
(1742, 442, 1, 230, SESSION_USER, now(), SESSION_USER, now(), null),
(1743, 443, 1, 240, SESSION_USER, now(), SESSION_USER, now(), null),
(1744, 443, 2, 30, SESSION_USER, now(), SESSION_USER, now(), null),
(1745, 444, 2, 39, SESSION_USER, now(), SESSION_USER, now(), null),
(1746, 444, 1, 240, SESSION_USER, now(), SESSION_USER, now(), null),
(1747, 445, 1, 231, SESSION_USER, now(), SESSION_USER, now(), null),
(1748, 446, 1, 91, SESSION_USER, now(), SESSION_USER, now(), null),
(1749, 447, 1, 121, SESSION_USER, now(), SESSION_USER, now(), null),
(1750, 448, 1, 189, SESSION_USER, now(), SESSION_USER, now(), null),
(1751, 449, 1, 153, SESSION_USER, now(), SESSION_USER, now(), null),
(1752, 450, 1, 223, SESSION_USER, now(), SESSION_USER, now(), null),
(1753, 451, 1, 141, SESSION_USER, now(), SESSION_USER, now(), null),
(1754, 452, 2, 240, SESSION_USER, now(), SESSION_USER, now(), null),
(1755, 452, 3, 22, SESSION_USER, now(), SESSION_USER, now(), null),
(1756, 452, 1, 240, SESSION_USER, now(), SESSION_USER, now(), null),
(1757, 453, 1, 42, SESSION_USER, now(), SESSION_USER, now(), null),
(1758, 454, 1, 182, SESSION_USER, now(), SESSION_USER, now(), null),
(1759, 455, 1, 56, SESSION_USER, now(), SESSION_USER, now(), null),
(1760, 456, 1, 107, SESSION_USER, now(), SESSION_USER, now(), null),
(1761, 457, 3, 240, SESSION_USER, now(), SESSION_USER, now(), null),
(1762, 457, 2, 240, SESSION_USER, now(), SESSION_USER, now(), null),
(1763, 457, 1, 240, SESSION_USER, now(), SESSION_USER, now(), null),
(1764, 457, 4, 240, SESSION_USER, now(), SESSION_USER, now(), null),
(1765, 457, 5, 243, SESSION_USER, now(), SESSION_USER, now(), null),
(1766, 458, 1, 94, SESSION_USER, now(), SESSION_USER, now(), null),
(1767, 459, 1, 220, SESSION_USER, now(), SESSION_USER, now(), null),
(1768, 460, 2, 136, SESSION_USER, now(), SESSION_USER, now(), null),
(1769, 460, 1, 240, SESSION_USER, now(), SESSION_USER, now(), null),
(1770, 461, 1, 73, SESSION_USER, now(), SESSION_USER, now(), null),
(1771, 462, 1, 106, SESSION_USER, now(), SESSION_USER, now(), null),
(1772, 463, 1, 176, SESSION_USER, now(), SESSION_USER, now(), null),
(1773, 464, 1, 240, SESSION_USER, now(), SESSION_USER, now(), null),
(1774, 464, 2, 240, SESSION_USER, now(), SESSION_USER, now(), null),
(1775, 464, 3, 211, SESSION_USER, now(), SESSION_USER, now(), null),
(1776, 465, 1, 240, SESSION_USER, now(), SESSION_USER, now(), null),
(1777, 465, 2, 35, SESSION_USER, now(), SESSION_USER, now(), null),
(1778, 466, 1, 186, SESSION_USER, now(), SESSION_USER, now(), null),
(1779, 467, 1, 85, SESSION_USER, now(), SESSION_USER, now(), null),
(1780, 468, 1, 56, SESSION_USER, now(), SESSION_USER, now(), null),
(1781, 469, 1, 105, SESSION_USER, now(), SESSION_USER, now(), null),
(1782, 470, 1, 176, SESSION_USER, now(), SESSION_USER, now(), null),
(1783, 471, 1, 61, SESSION_USER, now(), SESSION_USER, now(), null),
(1784, 472, 1, 48, SESSION_USER, now(), SESSION_USER, now(), null);


INSERT INTO public.candidatos
(id, nombre, genero, usuario_creacion, fecha_creacion, usuario_modificacion, fecha_modificacion, fecha_eliminacion)
VALUES
(1, 'PATRICIA BOHORQUEZ BARRIENTOS', 'F', SESSION_USER, now(), SESSION_USER, now(), null),
(2, 'JANETHE ESPERANZA CASTRO MARTINEZ', 'F', SESSION_USER, now(), SESSION_USER, now(), null),
(3, 'LILIAN PAREDES GONZALES', 'F', SESSION_USER, now(), SESSION_USER, now(), null),
(4, 'FAVIO CHACOLLA HUANCA', 'M', SESSION_USER, now(), SESSION_USER, now(), null),
(5, 'CARLOS EDUARDO ORTEGA SIVILA', 'M', SESSION_USER, now(), SESSION_USER, now(), null),
(6, 'HUMBERTO ORTEGA MARTINEZ', 'M', SESSION_USER, now(), SESSION_USER, now(), null);

--RESTABLECER SEQUENCIAS
SELECT setval('usuarios_id_seq', max(id)) FROM usuarios;
SELECT setval('municipios_id_seq', max(id)) FROM municipios;
SELECT setval('recintos_id_seq', max(id)) FROM recintos;
SELECT setval('mesas_id_seq', max(id)) FROM mesas;
SELECT setval('candidatos_id_seq', max(id)) FROM candidatos;